point,date,intercept,cos,sin,estimate
0,1654560000000,0.08328512141223078,0.004425326626098816,0.010025834855714373,0.08347941390366656
0,1655251200000,0.08328512141223078,0.004425326626098816,0.010025834855714373,0.08197443504779525
0,1655596800000,0.08328512141223078,0.004425326626098816,0.010025834855714373,0.08122947261186722
0,1655942400000,0.08328512141223078,0.004425326626098816,0.010025834855714373,0.08049423879544601
0,1656288000000,0.08328512141223078,0.004425326626098816,0.010025834855714373,0.07977221318611845
0,1656633600000,0.08328512141223078,0.004425326626098816,0.010025834855714373,0.07906681286195053
0,1656979200000,0.08328512141223078,0.004425326626098816,0.010025834855714373,0.07838137621973101
0,1657324800000,0.08328512141223078,0.004425326626098816,0.010025834855714373,0.07771914717558347
0,1657670400000,0.08328512141223078,0.004425326626098816,0.010025834855714373,0.07708325981272106
0,1658016000000,0.08328512141223078,0.004425326626098816,0.010025834855714373,0.07647672354899811
0,1658361600000,0.08328512141223078,0.004425326626098816,0.010025834855714373,0.07590240889445798
0,1658707200000,0.08328512141223078,0.004425326626098816,0.010025834855714373,0.07536303386627863
0,1659052800000,0.08328512141223078,0.004425326626098816,0.010025834855714373,0.07486115112541047
0,1659398400000,0.08328512141223078,0.004425326626098816,0.010025834855714373,0.07439913589578388
0,1659744000000,0.08328512141223078,0.004425326626098816,0.010025834855714373,0.07397917472325947
0,1660089600000,0.08328512141223078,0.004425326626098816,0.010025834855714373,0.07360325512752183
0,1660435200000,0.08328512141223078,0.004425326626098816,0.010025834855714373,0.07327315619588938
0,1660780800000,0.08328512141223078,0.004425326626098816,0.010025834855714373,0.07299044016355764
0,1661126400000,0.08328512141223078,0.004425326626098816,0.010025834855714373,0.07275644502012218
0,1661472000000,0.08328512141223078,0.004425326626098816,0.010025834855714373,0.07257227817737266
0,1661817600000,0.08328512141223078,0.004425326626098816,0.010025834855714373,0.07243881122832563
0,1662163200000,0.08328512141223078,0.004425326626098816,0.010025834855714373,0.07235667582229967
0,1662508800000,0.08328512141223078,0.004425326626098816,0.010025834855714373,0.07232626067555466
0,1662854400000,0.08328512141223078,0.004425326626098816,0.010025834855714373,0.07234770973164256
0,1685750400000,0.09285786886981323,0.015807361266766923,0.017702205093882404,0.08762738405367351
0,1686096000000,0.09285786886981323,0.015807361266766923,0.017702205093882404,0.0860481791908689
0,1686441600000,0.09285786886981323,0.015807361266766923,0.017702205093882404,0.08450120205092933
0,1686787200000,0.09285786886981323,0.015807361266766923,0.017702205093882404,0.0829937739000058
0,1687132800000,0.09285786886981323,0.015807361266766923,0.017702205093882404,0.08153302883362606
0,1687478400000,0.09285786886981323,0.015807361266766923,0.017702205093882404,0.0801258800136814
0,1687824000000,0.09285786886981323,0.015807361266766923,0.017702205093882404,0.07877898695100621
0,1688169600000,0.09285786886981323,0.015807361266766923,0.017702205093882404,0.07749872398839748
0,1688515200000,0.09285786886981323,0.015807361266766923,0.017702205093882404,0.0762911501332251
0,1688860800000,0.09285786886981323,0.015807361266766923,0.017702205093882404,0.07516198038240955
0,1689206400000,0.09285786886981323,0.015807361266766923,0.017702205093882404,0.0741165586754712
0,1689552000000,0.09285786886981323,0.015807361266766923,0.017702205093882404,0.07315983260365677
0,1689897600000,0.09285786886981323,0.015807361266766923,0.017702205093882404,0.07229632999483424
0,1690243200000,0.09285786886981323,0.015807361266766923,0.017702205093882404,0.07153013748497107
0,1690588800000,0.09285786886981323,0.015807361266766923,0.017702205093882404,0.07086488117761006
0,1690934400000,0.09285786886981323,0.015807361266766923,0.017702205093882404,0.0703037094828723
0,1691280000000,0.09285786886981323,0.015807361266766923,0.017702205093882404,0.06984927821720631
0,1691625600000,0.09285786886981323,0.015807361266766923,0.017702205093882404,0.06950373803439827
0,1691971200000,0.09285786886981323,0.015807361266766923,0.017702205093882404,0.0692687242473296
0,1692316800000,0.09285786886981323,0.015807361266766923,0.017702205093882404,0.06914534908865057
0,1692662400000,0.09285786886981323,0.015807361266766923,0.017702205093882404,0.06913419644699773
0,1693008000000,0.09285786886981323,0.015807361266766923,0.017702205093882404,0.0692353191036668
0,1693353600000,0.09285786886981323,0.015807361266766923,0.017702205093882404,0.06944823848281831
0,1693699200000,0.09285786886981323,0.015807361266766923,0.017702205093882404,0.06977194691639876
0,1694044800000,0.09285786886981323,0.015807361266766923,0.017702205093882404,0.07020491241305783
0,1694390400000,0.09285786886981323,0.015807361266766923,0.017702205093882404,0.07074508590849238
1,1654560000000,0.12059650279833643,-0.023879269993110675,0.0026450335575912806,0.14337875551972937
1,1655251200000,0.12059650279833643,-0.023879269993110675,0.0026450335575912806,0.1442097752777819
1,1655596800000,0.12059650279833643,-0.023879269993110675,0.0026450335575912806,0.14445850895609658
1,1655942400000,0.12059650279833643,-0.023879269993110675,0.0026450335575912806,0.1445943126540872
1,1656288000000,0.12059650279833643,-0.023879269993110675,0.0026450335575912806,0.1446165436634736
1,1656633600000,0.12059650279833643,-0.023879269993110675,0.0026450335575912806,0.1445250967731751
1,1656979200000,0.12059650279833643,-0.023879269993110675,0.0026450335575912806,0.1443204047672357
1,1657324800000,0.12059650279833643,-0.023879269993110675,0.0026450335575912806,0.1440034363766183
1,1657670400000,0.12059650279833643,-0.023879269993110675,0.0026450335575912806,0.14357569169456244
1,1658016000000,0.12059650279833643,-0.023879269993110675,0.0026450335575912806,0.1430391950772017
1,1658361600000,0.12059650279833643,-0.023879269993110675,0.0026450335575912806,0.1423964855630412
1,1658707200000,0.12059650279833643,-0.023879269993110675,0.0026450335575912806,0.14165060485663455
1,1659052800000,0.12059650279833643,-0.023879269993110675,0.0026450335575912806,0.14080508293333
1,1659398400000,0.12059650279833643,-0.023879269993110675,0.0026450335575912806,0.13986392133321318
1,1659744000000,0.12059650279833643,-0.023879269993110675,0.0026450335575912806,0.13883157422330927
1,1660089600000,0.12059650279833643,-0.023879269993110675,0.0026450335575912806,0.137712927317671
1,1660435200000,0.12059650279833643,-0.023879269993110675,0.0026450335575912806,0.13651327475511488
1,1660780800000,0.12059650279833643,-0.023879269993110675,0.0026450335575912806,0.13523829404403603
1,1661126400000,0.12059650279833643,-0.023879269993110675,0.0026450335575912806,0.13389401919287738
1,1661472000000,0.12059650279833643,-0.023879269993110675,0.0026450335575912806,0.13248681215341618
1,1661817600000,0.12059650279833643,-0.023879269993110675,0.0026450335575912806,0.13102333271201871
1,1662163200000,0.12059650279833643,-0.023879269993110675,0.0026450335575912806,0.12951050697135327
1,1662508800000,0.12059650279833643,-0.023879269993110675,0.0026450335575912806,0.12795549457172836
1,1662854400000,0.12059650279833643,-0.023879269993110675,0.0026450335575912806,0.12636565480718384
1,1685750400000,0.10255642201955924,-0.04701850454324155,-0.009933528182212993,0.13884652201799816
1,1686096000000,0.10255642201955924,-0.04701850454324155,-0.009933528182212993,0.14092659089812676
1,1686441600000,0.10255642201955924,-0.04701850454324155,-0.009933528182212993,0.1428250680718482
1,1686787200000,0.10255642201955924,-0.04701850454324155,-0.009933528182212993,0.144532968754377
1,1687132800000,0.10255642201955924,-0.04701850454324155,-0.009933528182212993,0.14604221008842166
1,1687478400000,0.10255642201955924,-0.04701850454324155,-0.009933528182212993,0.14734564939733358
1,1687824000000,0.10255642201955924,-0.04701850454324155,-0.009933528182212993,0.14843711798873518
1,1688169600000,0.10255642201955924,-0.04701850454324155,-0.009933528182212993,0.14931145034863988
1,1688515200000,0.10255642201955924,-0.04701850454324155,-0.009933528182212993,0.1499645085879052
1,1688860800000,0.10255642201955924,-0.04701850454324155,-0.009933528182212993,0.15039320202531917
1,1689206400000,0.10255642201955924,-0.04701850454324155,-0.009933528182212993,0.1505955018146426
1,1689552000000,0.10255642201955924,-0.04701850454324155,-0.009933528182212993,0.15057045054638205
1,1689897600000,0.10255642201955924,-0.04701850454324155,-0.009933528182212993,0.15031816677885212
1,1690243200000,0.10255642201955924,-0.04701850454324155,-0.009933528182212993,0.14983984447708298
1,1690588800000,0.10255642201955924,-0.04701850454324155,-0.009933528182212993,0.14913774736222912
1,1690934400000,0.10255642201955924,-0.04701850454324155,-0.009933528182212993,0.14821519819822085
1,1691280000000,0.10255642201955924,-0.04701850454324155,-0.009933528182212993,0.1470765630663612
1,1691625600000,0.10255642201955924,-0.04701850454324155,-0.009933528182212993,0.14572723070229074
1,1691971200000,0.10255642201955924,-0.04701850454324155,-0.009933528182212993,0.1441735869931104
1,1692316800000,0.10255642201955924,-0.04701850454324155,-0.009933528182212993,0.14242298475535844
1,1692662400000,0.10255642201955924,-0.04701850454324155,-0.009933528182212993,0.1404837089368699
1,1693008000000,0.10255642201955924,-0.04701850454324155,-0.009933528182212993,0.138364937407208
1,1693353600000,0.10255642201955924,-0.04701850454324155,-0.009933528182212993,0.13607669752222729
1,1693699200000,0.10255642201955924,-0.04701850454324155,-0.009933528182212993,0.13362981866833737
1,1694044800000,0.10255642201955924,-0.04701850454324155,-0.009933528182212993,0.13103588101105318
1,1694390400000,0.10255642201955924,-0.04701850454324155,-0.009933528182212993,0.1283071606903884
2,1654560000000,0.025921679029839495,-0.04274706405968403,-0.0021787714542326154,0.06380143649652452
2,1655251200000,0.025921679029839495,-0.04274706405968403,-0.0021787714542326154,0.06617726706503262
2,1655596800000,0.025921679029839495,-0.04274706405968403,-0.0021787714542326154,0.06708200201473417
2,1655942400000,0.025921679029839495,-0.04274706405968403,-0.0021787714542326154,0.06779194049870343
2,1656288000000,0.025921679029839495,-0.04274706405968403,-0.0021787714542326154,0.06830372264273296
2,1656633600000,0.025921679029839495,-0.04274706405968403,-0.0021787714542326154,0.06861492637270752
2,1656979200000,0.025921679029839495,-0.04274706405968403,-0.0021787714542326154,0.06872407887737762
2,1657324800000,0.025921679029839495,-0.04274706405968403,-0.0021787714542326154,0.06863066357862645
2,1657670400000,0.025921679029839495,-0.04274706405968403,-0.0021787714542326154,0.06833512257624143
2,1658016000000,0.025921679029839495,-0.04274706405968403,-0.0021787714542326154,0.06783885455562075
2,1658361600000,0.025921679029839495,-0.04274706405968403,-0.0021787714542326154,0.06714420816831672
2,1658707200000,0.025921679029839495,-0.04274706405968403,-0.0021787714542326154,0.06625447091674361
2,1659052800000,0.025921679029839495,-0.04274706405968403,-0.0021787714542326154,0.06517385359565375
2,1659398400000,0.025921679029839495,-0.04274706405968403,-0.0021787714542326154,0.06390747036401616
2,1659744000000,0.025921679029839495,-0.04274706405968403,-0.0021787714542326154,0.062461314541608165
2,1660089600000,0.025921679029839495,-0.04274706405968403,-0.0021787714542326154,0.06084223024486715
2,1660435200000,0.025921679029839495,-0.04274706405968403,-0.0021787714542326154,0.05905787999623811
2,1660780800000,0.025921679029839495,-0.04274706405968403,-0.0021787714542326154,0.05711670846031214
2,1661126400000,0.025921679029839495,-0.04274706405968403,-0.0021787714542326154,0.0550279024783763
2,1661472000000,0.025921679029839495,-0.04274706405968403,-0.0021787714542326154,0.05280134759051767
2,1661817600000,0.025921679029839495,-0.04274706405968403,-0.0021787714542326154,0.050447581251048305
2,1662163200000,0.025921679029839495,-0.04274706405968403,-0.0021787714542326154,0.04797774295866106
2,1662508800000,0.025921679029839495,-0.04274706405968403,-0.0021787714542326154,0.045403521537334894
2,1662854400000,0.025921679029839495,-0.04274706405968403,-0.0021787714542326154,0.04273709981748837
2,1685750400000,0.07361949199533516,0.008699415576507833,0.02977874088325035,0.080464493860317
2,1686096000000,0.07361949199533516,0.008699415576507833,0.02977874088325035,0.07836789676093459
2,1686441600000,0.07361949199533516,0.008699415576507833,0.02977874088325035,0.07624882723181581
2,1686787200000,0.07361949199533516,0.008699415576507833,0.02977874088325035,0.07411731403913611
2,1687132800000,0.07361949199533516,0.008699415576507833,0.02977874088325035,0.0719834448402912
2,1687478400000,0.07361949199533516,0.008699415576507833,0.02977874088325035,0.06985731844277732
2,1687824000000,0.07361949199533516,0.008699415576507833,0.02977874088325035,0.06774899701029659
2,1688169600000,0.07361949199533516,0.008699415576507833,0.02977874088325035,0.06566845844228983
2,1688515200000,0.07361949199533516,0.008699415576507833,0.02977874088325035,0.06362554915225574
2,1688860800000,0.07361949199533516,0.008699415576507833,0.02977874088325035,0.061629937468347745
2,1689206400000,0.07361949199533516,0.008699415576507833,0.02977874088325035,0.05969106787677994
2,1689552000000,0.07361949199533516,0.008699415576507833,0.02977874088325035,0.05781811632459466
2,1689897600000,0.07361949199533516,0.008699415576507833,0.02977874088325035,0.05601994679332562
2,1690243200000,0.07361949199533516,0.008699415576507833,0.02977874088325035,0.05430506934907682
2,1690588800000,0.07361949199533516,0.008699415576507833,0.02977874088325035,0.052681599867553164
2,1690934400000,0.07361949199533516,0.008699415576507833,0.02977874088325035,0.05115722162464454
2,1691280000000,0.07361949199533516,0.008699415576507833,0.02977874088325035,0.049739148934346375
2,1691625600000,0.07361949199533516,0.008699415576507833,0.02977874088325035,0.048434093006099924
2,1691971200000,0.07361949199533516,0.008699415576507833,0.02977874088325035,0.04724823018313985
2,1692316800000,0.07361949199533516,0.008699415576507833,0.02977874088325035,0.04618717271216419
2,1692662400000,0.07361949199533516,0.008699415576507833,0.02977874088325035,0.04525594218266215
2,1693008000000,0.07361949199533516,0.008699415576507833,0.02977874088325035,0.04445894576160386
2,1693353600000,0.07361949199533516,0.008699415576507833,0.02977874088325035,0.04379995533596099
2,1693699200000,0.07361949199533516,0.008699415576507833,0.02977874088325035,0.043282089661772376
2,1694044800000,0.07361949199533516,0.008699415576507833,0.02977874088325035,0.04290779960423395
2,1694390400000,0.07361949199533516,0.008699415576507833,0.02977874088325035,0.04267885653866735
3,1654560000000,0.09858727336761434,-0.009683018690818876,0.01207872043972477,0.11244761459081998
3,1655251200000,0.09858727336761434,-0.009683018690818876,0.01207872043972477,0.11137065029574093
3,1655596800000,0.09858727336761434,-0.009683018690818876,0.01207872043972477,0.11074007072188716
3,1655942400000,0.09858727336761434,-0.009683018690818876,0.01207872043972477,0.11005197648824212
3,1656288000000,0.09858727336761434,-0.009683018690818876,0.01207872043972477,0.10930962408831925
3,1656633600000,0.09858727336761434,-0.009683018690818876,0.01207872043972477,0.1085165267993073
3,1656979200000,0.09858727336761434,-0.009683018690818876,0.01207872043972477,0.10767643805503976
3,1657324800000,0.09858727336761434,-0.009683018690818876,0.01207872043972477,0.10679333368239083
3,1657670400000,0.09858727336761434,-0.009683018690818876,0.01207872043972477,0.10587139308516992
3,1658016000000,0.09858727336761434,-0.009683018690818876,0.01207872043972477,0.10491497946456006
3,1658361600000,0.09858727336761434,-0.009683018690818876,0.01207872043972477,0.10392861916971419
3,1658707200000,0.09858727336761434,-0.009683018690818876,0.01207872043972477,0.10291698027623147
3,1659052800000,0.09858727336761434,-0.009683018690818876,0.01207872043972477,0.10188485049389519
3,1659398400000,0.09858727336761434,-0.009683018690818876,0.01207872043972477,0.10083711450822773
3,1659744000000,0.09858727336761434,-0.009683018690818876,0.01207872043972477,0.09977873086309436
3,1660089600000,0.09858727336761434,-0.009683018690818876,0.01207872043972477,0.09871470849376365
3,1660435200000,0.09858727336761434,-0.009683018690818876,0.01207872043972477,0.09765008302148358
3,1660780800000,0.09858727336761434,-0.009683018690818876,0.01207872043972477,0.09658989292176393
3,1661126400000,0.09858727336761434,-0.009683018690818876,0.01207872043972477,0.09553915567914942
3,1661472000000,0.09858727336761434,-0.009683018690818876,0.01207872043972477,0.09450284404133552
3,1661817600000,0.09858727336761434,-0.009683018690818876,0.01207872043972477,0.09348586248500772
3,1662163200000,0.09858727336761434,-0.009683018690818876,0.01207872043972477,0.09249302400478127
3,1662508800000,0.09858727336761434,-0.009683018690818876,0.01207872043972477,0.09152902733509177
3,1662854400000,0.09858727336761434,-0.009683018690818876,0.01207872043972477,0.09059843471283684
3,1685750400000,0.09631716656308842,-0.016694537807318218,0.014832911543928753,0.11811235997103797
3,1686096000000,0.09631716656308842,-0.016694537807318218,0.014832911543928753,0.11772612970279897
3,1686441600000,0.09631716656308842,-0.016694537807318218,0.014832911543928753,0.11723857879244208
3,1686787200000,0.09631716656308842,-0.016694537807318218,0.014832911543928753,0.11665201463668624
3,1687132800000,0.09631716656308842,-0.016694537807318218,0.014832911543928753,0.11596921322503231
3,1687478400000,0.09631716656308842,-0.016694537807318218,0.014832911543928753,0.11519340600204032
3,1687824000000,0.09631716656308842,-0.016694537807318218,0.014832911543928753,0.11432826457410596
3,1688169600000,0.09631716656308842,-0.016694537807318218,0.014832911543928753,0.11337788333311698
3,1688515200000,0.09631716656308842,-0.016694537807318218,0.014832911543928753,0.1123467600792219
3,1688860800000,0.09631716656308842,-0.016694537807318218,0.014832911543928753,0.11123977473441919
3,1689206400000,0.09631716656308842,-0.016694537807318218,0.014832911543928753,0.11006216624770504
3,1689552000000,0.09631716656308842,-0.016694537807318218,0.014832911543928753,0.10881950780108077
3,1689897600000,0.09631716656308842,-0.016694537807318218,0.014832911543928753,0.10751768043376003
3,1690243200000,0.09631716656308842,-0.016694537807318218,0.014832911543928753,0.10616284520940186
3,1690588800000,0.09631716656308842,-0.016694537807318218,0.014832911543928753,0.10476141405809394
3,1690934400000,0.09631716656308842,-0.016694537807318218,0.014832911543928753,0.10332001943107655
3,1691280000000,0.09631716656308842,-0.016694537807318218,0.014832911543928753,0.10184548291182406
3,1691625600000,0.09631716656308842,-0.016694537807318218,0.014832911543928753,0.10034478293203265
3,1691971200000,0.09631716656308842,-0.016694537807318218,0.014832911543928753,0.09882502174530458
3,1692316800000,0.09631716656308842,-0.016694537807318218,0.014832911543928753,0.09729339181482934
3,1692662400000,0.09631716656308842,-0.016694537807318218,0.014832911543928753,0.09575714177413597
3,1693008000000,0.09631716656308842,-0.016694537807318218,0.014832911543928753,0.09422354212201359
3,1693353600000,0.09631716656308842,-0.016694537807318218,0.014832911543928753,0.0926998508139495
3,1693699200000,0.09631716656308842,-0.016694537807318218,0.014832911543928753,0.09119327891293255
3,1694044800000,0.09631716656308842,-0.016694537807318218,0.014832911543928753,0.0897109564621793
3,1694390400000,0.09631716656308842,-0.016694537807318218,0.014832911543928753,0.08825989874129744
4,1654560000000,0.058104531911642276,-0.018573198919028193,8.049099638454415e-05,0.07499429358090431
4,1655251200000,0.058104531911642276,-0.018573198919028193,8.049099638454415e-05,0.07589461400152725
4,1655596800000,0.058104531911642276,-0.018573198919028193,8.049099638454415e-05,0.07621945136729211
4,1655942400000,0.058104531911642276,-0.018573198919028193,8.049099638454415e-05,0.07645855757180538
4,1656288000000,0.058104531911642276,-0.018573198919028193,8.049099638454415e-05,0.0766108010145305
4,1656633600000,0.058104531911642276,-0.018573198919028193,8.049099638454415e-05,0.07667546118400347
4,1656979200000,0.058104531911642276,-0.018573198919028193,8.049099638454415e-05,0.07665223206774494
4,1657324800000,0.058104531911642276,-0.018573198919028193,8.049099638454415e-05,0.07654122360050325
4,1657670400000,0.058104531911642276,-0.018573198919028193,8.049099638454415e-05,0.07634296114397429
4,1658016000000,0.058104531911642276,-0.018573198919028193,8.049099638454415e-05,0.07605838300046029
4,1658361600000,0.058104531911642276,-0.018573198919028193,8.049099638454415e-05,0.07568883597223494
4,1658707200000,0.058104531911642276,-0.018573198919028193,8.049099638454415e-05,0.07523606898763022
4,1659052800000,0.058104531911642276,-0.018573198919028193,8.049099638454415e-05,0.0747022248240104
4,1659398400000,0.058104531911642276,-0.018573198919028193,8.049099638454415e-05,0.07408982996680576
4,1659744000000,0.058104531911642276,-0.018573198919028193,8.049099638454415e-05,0.0734017826525986
4,1660089600000,0.058104531911642276,-0.018573198919028193,8.049099638454415e-05,0.07264133915285013
4,1660435200000,0.058104531911642276,-0.018573198919028193,8.049099638454415e-05,0.07181209836318095
4,1660780800000,0.058104531911642276,-0.018573198919028193,8.049099638454415e-05,0.07091798477114017
4,1661126400000,0.058104531911642276,-0.018573198919028193,8.049099638454415e-05,0.06996322988306851
4,1661472000000,0.058104531911642276,-0.018573198919028193,8.049099638454415e-05,0.06895235219795584
4,1661817600000,0.058104531911642276,-0.018573198919028193,8.049099638454415e-05,0.06789013582307027
4,1662163200000,0.058104531911642276,-0.018573198919028193,8.049099638454415e-05,0.06678160783256154
4,1662508800000,0.058104531911642276,-0.018573198919028193,8.049099638454415e-05,0.06563201447619292
4,1662854400000,0.058104531911642276,-0.018573198919028193,8.049099638454415e-05,0.06444679635079688
4,1685750400000,0.07778437107250359,-0.00020305523176373532,0.016837940480050016,0.08613321607597718
4,1686096000000,0.07778437107250359,-0.00020305523176373532,0.016837940480050016,0.08510802733614906
4,1686441600000,0.07778437107250359,-0.00020305523176373532,0.016837940480050016,0.08404817846119711
4,1686787200000,0.07778437107250359,-0.00020305523176373532,0.016837940480050016,0.08295868532077649
4,1687132800000,0.07778437107250359,-0.00020305523176373532,0.016837940480050016,0.08184470407980013
4,1687478400000,0.07778437107250359,-0.00020305523176373532,0.016837940480050016,0.08071150679623347
4,1687824000000,0.07778437107250359,-0.00020305523176373532,0.016837940480050016,0.07956445647040776
4,1688169600000,0.07778437107250359,-0.00020305523176373532,0.016837940480050016,0.07840898166393995
4,1688515200000,0.07778437107250359,-0.00020305523176373532,0.016837940480050016,0.07725055080837309
4,1688860800000,0.07778437107250359,-0.00020305523176373532,0.016837940480050016,0.07609464632512912
4,1689206400000,0.07778437107250359,-0.00020305523176373532,0.016837940480050016,0.07494673867925129
4,1689552000000,0.07778437107250359,-0.00020305523176373532,0.016837940480050016,0.07381226048973259
4,1689897600000,0.07778437107250359,-0.00020305523176373532,0.016837940480050016,0.07269658081895511
4,1690243200000,0.07778437107250359,-0.00020305523176373532,0.016837940480050016,0.07160497976291877
4,1690588800000,0.07778437107250359,-0.00020305523176373532,0.016837940480050016,0.07054262346251589
4,1690934400000,0.07778437107250359,-0.00020305523176373532,0.016837940480050016,0.0695145396541113
4,1691280000000,0.07778437107250359,-0.00020305523176373532,0.016837940480050016,0.06852559387514091
4,1691625600000,0.07778437107250359,-0.00020305523176373532,0.016837940480050016,0.0675804664373364
4,1691971200000,0.07778437107250359,-0.00020305523176373532,0.016837940480050016,0.0666836302765544
4,1692316800000,0.07778437107250359,-0.00020305523176373532,0.016837940480050016,0.0658393297840386
4,1692662400000,0.07778437107250359,-0.00020305523176373532,0.016837940480050016,0.0650515607192978
4,1693008000000,0.07778437107250359,-0.00020305523176373532,0.016837940480050016,0.06432405129966613
4,1693353600000,0.07778437107250359,-0.00020305523176373532,0.016837940480050016,0.06366024455603954
4,1693699200000,0.07778437107250359,-0.00020305523176373532,0.016837940480050016,0.0630632820382946
4,1694044800000,0.07778437107250359,-0.00020305523176373532,0.016837940480050016,0.06253598894750353
4,1694390400000,0.07778437107250359,-0.00020305523176373532,0.016837940480050016,0.06208086076531086
5,1654560000000,0.04322851639967138,-0.03812338413444807,-0.006041667466462303,0.0752898232899508
5,1655251200000,0.04322851639967138,-0.03812338413444807,-0.006041667466462303,0.07793520992534601
5,1655596800000,0.04322851639967138,-0.03812338413444807,-0.006041667466462303,0.07901446501041372
5,1655942400000,0.04322851639967138,-0.03812338413444807,-0.006041667466462303,0.07992435854030581
5,1656288000000,0.04322851639967138,-0.03812338413444807,-0.006041667466462303,0.08066058432811798
5,1656633600000,0.04322851639967138,-0.03812338413444807,-0.006041667466462303,0.08121965809163274
5,1656979200000,0.04322851639967138,-0.03812338413444807,-0.006041667466462303,0.08159893394312806
5,1657324800000,0.04322851639967138,-0.03812338413444807,-0.006041667466462303,0.08179661691137807
5,1657670400000,0.04322851639967138,-0.03812338413444807,-0.006041667466462303,0.08181177143658243
5,1658016000000,0.04322851639967138,-0.03812338413444807,-0.006041667466462303,0.08164432579802237
5,1658361600000,0.04322851639967138,-0.03812338413444807,-0.006041667466462303,0.08129507245348806
5,1658707200000,0.04322851639967138,-0.03812338413444807,-0.006041667466462303,0.08076566428887125
5,1659052800000,0.04322851639967138,-0.03812338413444807,-0.006041667466462303,0.08005860679567234
5,1659398400000,0.04322851639967138,-0.03812338413444807,-0.006041667466462303,0.0791772462134434
5,1659744000000,0.04322851639967138,-0.03812338413444807,-0.006041667466462303,0.0781257536932834
5,1660089600000,0.04322851639967138,-0.03812338413444807,-0.006041667466462303,0.07690910555733521
5,1660435200000,0.04322851639967138,-0.03812338413444807,-0.006041667466462303,0.07553305974770727
5,1660780800000,0.04322851639967138,-0.03812338413444807,-0.006041667466462303,0.07400412857628073
5,1661126400000,0.04322851639967138,-0.03812338413444807,-0.006041667466462303,0.07232954790436452
5,1661472000000,0.04322851639967138,-0.03812338413444807,-0.006041667466462303,0.07051724289806043
5,1661817600000,0.04322851639967138,-0.03812338413444807,-0.006041667466462303,0.06857579052140718
5,1662163200000,0.04322851639967138,-0.03812338413444807,-0.006041667466462303,0.0665143789448061
5,1662508800000,0.04322851639967138,-0.03812338413444807,-0.006041667466462303,0.06434276406083582
5,1662854400000,0.04322851639967138,-0.03812338413444807,-0.006041667466462303,0.06207122331324948
5,1685750400000,0.08831383499158908,-0.004384364934688644,0.02383188650237941,0.10371271908348013
5,1686096000000,0.08831383499158908,-0.004384364934688644,0.02383188650237941,0.10238991986000058
5,1686441600000,0.08831383499158908,-0.004384364934688644,0.02383188650237941,0.10100050377385159
5,1686787200000,0.08831383499158908,-0.004384364934688644,0.02383188650237941,0.0995510464134492
5,1687132800000,0.08831383499158908,-0.004384364934688644,0.02383188650237941,0.09804840752017882
5,1687478400000,0.08831383499158908,-0.004384364934688644,0.02383188650237941,0.09649969852379808
5,1687824000000,0.08831383499158908,-0.004384364934688644,0.02383188650237941,0.09491224888668832
5,1688169600000,0.08831383499158908,-0.004384364934688644,0.02383188650237941,0.09329357141624332
5,1688515200000,0.08831383499158908,-0.004384364934688644,0.02383188650237941,0.09165132670955083
5,1688860800000,0.08831383499158908,-0.004384364934688644,0.02383188650237941,0.08999328689864335
5,1689206400000,0.08831383499158908,-0.004384364934688644,0.02383188650237941,0.0883272988678936
5,1689552000000,0.08831383499158908,-0.004384364934688644,0.02383188650237941,0.08666124711763613
5,1689897600000,0.08831383499158908,-0.004384364934688644,0.02383188650237941,0.08500301644976625
5,1690243200000,0.08831383499158908,-0.004384364934688644,0.02383188650237941,0.08336045465191125
5,1690588800000,0.08831383499158908,-0.004384364934688644,0.02383188650237941,0.08174133535677806
5,1690934400000,0.08831383499158908,-0.004384364934688644,0.02383188650237941,0.08015332125244601
5,1691280000000,0.08831383499158908,-0.004384364934688644,0.02383188650237941,0.07860392781772163
5,1691625600000,0.08831383499158908,-0.004384364934688644,0.02383188650237941,0.07710048775417833
5,1691971200000,0.08831383499158908,-0.004384364934688644,0.02383188650237941,0.07565011628321332
5,1692316800000,0.08831383499158908,-0.004384364934688644,0.02383188650237941,0.07425967747235718
5,1692662400000,0.08831383499158908,-0.004384364934688644,0.02383188650237941,0.07293575175020033
5,1693008000000,0.08831383499158908,-0.004384364934688644,0.02383188650237941,0.07168460476367836
5,1693353600000,0.08831383499158908,-0.004384364934688644,0.02383188650237941,0.0705121577250997
5,1693699200000,0.08831383499158908,-0.004384364934688644,0.02383188650237941,0.06942395938925573
5,1694044800000,0.08831383499158908,-0.004384364934688644,0.02383188650237941,0.06842515979323234
5,1694390400000,0.08831383499158908,-0.004384364934688644,0.02383188650237941,0.06752048588320415
6,1654560000000,0.0701864262768135,-0.013029585159991783,0.011352601874734133,0.08677897553427118
6,1655251200000,0.0701864262768135,-0.013029585159991783,0.011352601874734133,0.08595937960926209
6,1655596800000,0.0701864262768135,-0.013029585159991783,0.011352601874734133,0.08543654984410426
6,1655942400000,0.0701864262768135,-0.013029585159991783,0.011352601874734133,0.08484154692875082
6,1656288000000,0.0701864262768135,-0.013029585159991783,0.011352601874734133,0.08417718679020642
6,1656633600000,0.0701864262768135,-0.013029585159991783,0.011352601874734133,0.08344661359735923
6,1656979200000,0.0701864262768135,-0.013029585159991783,0.011352601874734133,0.08265328488080213
6,1657324800000,0.0701864262768135,-0.013029585159991783,0.011352601874734133,0.08180095516962847
6,1657670400000,0.0701864262768135,-0.013029585159991783,0.011352601874734133,0.08089365822264646
6,1658016000000,0.0701864262768135,-0.013029585159991783,0.011352601874734133,0.07993568793810113
6,1658361600000,0.0701864262768135,-0.013029585159991783,0.011352601874734133,0.07893157803225559
6,1658707200000,0.0701864262768135,-0.013029585159991783,0.011352601874734133,0.07788608058300148
6,1659052800000,0.0701864262768135,-0.013029585159991783,0.011352601874734133,0.07680414354004542
6,1659398400000,0.0701864262768135,-0.013029585159991783,0.011352601874734133,0.07569088730810812
6,1659744000000,0.0701864262768135,-0.013029585159991783,0.011352601874734133,0.07455158051395704
6,1660089600000,0.0701864262768135,-0.013029585159991783,0.011352601874734133,0.07339161507196008
6,1660435200000,0.0701864262768135,-0.013029585159991783,0.011352601874734133,0.07221648066616436
6,1660780800000,0.0701864262768135,-0.013029585159991783,0.011352601874734133,0.07103173876966853
6,1661126400000,0.0701864262768135,-0.013029585159991783,0.011352601874734133,0.06984299632424353
6,1661472000000,0.0701864262768135,-0.013029585159991783,0.011352601874734133,0.06865587920476668
6,1661817600000,0.0701864262768135,-0.013029585159991783,0.011352601874734133,0.06747600559405387
6,1662163200000,0.0701864262768135,-0.013029585159991783,0.011352601874734133,0.06630895939409395
6,1662508800000,0.0701864262768135,-0.013029585159991783,0.011352601874734133,0.06516026379952228
6,1662854400000,0.0701864262768135,-0.013029585159991783,0.011352601874734133,0.06403535515839935
6,1685750400000,0.028568964855635984,-0.046650026007753566,-0.006197613407465096,0.0663498909724554
6,1686096000000,0.028568964855635984,-0.046650026007753566,-0.006197613407465096,0.06818955425056715
6,1686441600000,0.028568964855635984,-0.046650026007753566,-0.006197613407465096,0.06984170804807557
6,1686787200000,0.028568964855635984,-0.046650026007753566,-0.006197613407465096,0.07129853333691509
6,1687132800000,0.028568964855635984,-0.046650026007753566,-0.006197613407465096,0.07255313550604144
6,1687478400000,0.028568964855635984,-0.046650026007753566,-0.006197613407465096,0.07359957699105413
6,1687824000000,0.028568964855635984,-0.046650026007753566,-0.006197613407465096,0.07443290537447732
6,1688169600000,0.028568964855635984,-0.046650026007753566,-0.006197613407465096,0.07504917682370428
6,1688515200000,0.028568964855635984,-0.046650026007753566,-0.006197613407465096,0.07544547475568776
6,1688860800000,0.028568964855635984,-0.046650026007753566,-0.006197613407465096,0.07561992364003997
6,1689206400000,0.028568964855635984,-0.046650026007753566,-0.006197613407465096,0.07557169787521896
6,1689552000000,0.028568964855635984,-0.046650026007753566,-0.006197613407465096,0.07530102569579297
6,1689897600000,0.028568964855635984,-0.046650026007753566,-0.006197613407465096,0.07480918809229128
6,1690243200000,0.028568964855635984,-0.046650026007753566,-0.006197613407465096,0.07409851274875341
6,1690588800000,0.028568964855635984,-0.046650026007753566,-0.006197613407465096,0.07317236302666853
6,1690934400000,0.028568964855635984,-0.046650026007753566,-0.006197613407465096,0.07203512204743878
6,1691280000000,0.028568964855635984,-0.046650026007753566,-0.006197613407465096,0.07069217194870007
6,1691625600000,0.028568964855635984,-0.046650026007753566,-0.006197613407465096,0.06914986841267055
6,1691971200000,0.028568964855635984,-0.046650026007753566,-0.006197613407465096,0.06741551058707594
6,1692316800000,0.028568964855635984,-0.046650026007753566,-0.006197613407465096,0.0654973065410044
6,1692662400000,0.028568964855635984,-0.046650026007753566,-0.006197613407465096,0.06340433441917426
6,1693008000000,0.028568964855635984,-0.046650026007753566,-0.006197613407465096,0.0611464994784606
6,1693353600000,0.028568964855635984,-0.046650026007753566,-0.006197613407465096,0.05873448721000499
6,1693699200000,0.028568964855635984,-0.046650026007753566,-0.006197613407465096,0.0561797127687706
6,1694044800000,0.028568964855635984,-0.046650026007753566,-0.006197613407465096,0.05349426694986803
6,1694390400000,0.028568964855635984,-0.046650026007753566,-0.006197613407465096,0.050690858967329194
7,1654560000000,0.21179934264290523,0.014559909865479854,0.004587733434866818,0.20051228293102152
7,1655251200000,0.21179934264290523,0.014559909865479854,0.004587733434866818,0.19920901932111582
7,1655596800000,0.21179934264290523,0.014559909865479854,0.004587733434866818,0.19864529052015417
7,1655942400000,0.21179934264290523,0.014559909865479854,0.004587733434866818,0.19814381494457442
7,1656288000000,0.21179934264290523,0.014559909865479854,0.004587733434866818,0.19770696589134543
7,1656633600000,0.21179934264290523,0.014559909865479854,0.004587733434866818,0.19733681080419574
7,1656979200000,0.21179934264290523,0.014559909865479854,0.004587733434866818,0.19703510148917366
7,1657324800000,0.21179934264290523,0.014559909865479854,0.004587733434866818,0.19680326582400168
7,1657670400000,0.21179934264290523,0.014559909865479854,0.004587733434866818,0.19664240100046393
7,1658016000000,0.21179934264290523,0.014559909865479854,0.004587733434866818,0.19655326833180606
7,1658361600000,0.21179934264290523,0.014559909865479854,0.004587733434866818,0.1965362896497236
7,1658707200000,0.21179934264290523,0.014559909865479854,0.004587733434866818,0.19659154530798997
7,1659052800000,0.21179934264290523,0.014559909865479854,0.004587733434866818,0.19671877380217162
7,1659398400000,0.21179934264290523,0.014559909865479854,0.004587733434866818,0.1969173730072315
7,1659744000000,0.21179934264290523,0.014559909865479854,0.004587733434866818,0.197186403027162
7,1660089600000,0.21179934264290523,0.014559909865479854,0.004587733434866818,0.1975245906431626
7,1660435200000,0.21179934264290523,0.014559909865479854,0.004587733434866818,0.19793033533930995
7,1660780800000,0.21179934264290523,0.014559909865479854,0.004587733434866818,0.19840171687720284
7,1661126400000,0.21179934264290523,0.014559909865479854,0.004587733434866818,0.19893650438373495
7,1661472000000,0.21179934264290523,0.014559909865479854,0.004587733434866818,0.19953216690898581
7,1661817600000,0.21179934264290523,0.014559909865479854,0.004587733434866818,0.20018588540426296
7,1662163200000,0.21179934264290523,0.014559909865479854,0.004587733434866818,0.20089456606360892
7,1662508800000,0.21179934264290523,0.014559909865479854,0.004587733434866818,0.2016548549656314
7,1662854400000,0.21179934264290523,0.014559909865479854,0.004587733434866818,0.20246315394636288
7,1685750400000,0.18312453745443763,-0.012818452470126954,-0.0022787899431393924,0.19322650853920104
7,1686096000000,0.18312453745443763,-0.012818452470126954,-0.0022787899431393924,0.19376728577253072
7,1686441600000,0.18312453745443763,-0.012818452470126954,-0.0022787899431393924,0.1942576948452703
7,1686787200000,0.18312453745443763,-0.012818452470126954,-0.0022787899431393924,0.19469541483408376
7,1687132800000,0.18312453745443763,-0.012818452470126954,-0.0022787899431393924,0.19507837417342908
7,1687478400000,0.18312453745443763,-0.012818452470126954,-0.0022787899431393924,0.1954047604595051
7,1687824000000,0.18312453745443763,-0.012818452470126954,-0.0022787899431393924,0.19567302902768405
7,1688169600000,0.18312453745443763,-0.012818452470126954,-0.0022787899431393924,0.19588191026283264
7,1688515200000,0.18312453745443763,-0.012818452470126954,-0.0022787899431393924,0.1960304156079277
7,1688860800000,0.18312453745443763,-0.012818452470126954,-0.0022787899431393924,0.19611784224252787
7,1689206400000,0.18312453745443763,-0.012818452470126954,-0.0022787899431393924,0.19614377640896075
7,1689552000000,0.18312453745443763,-0.012818452470126954,-0.0022787899431393924,0.19610809537048393
7,1689897600000,0.18312453745443763,-0.012818452470126954,-0.0022787899431393924,0.19601096799215198
7,1690243200000,0.18312453745443763,-0.012818452470126954,-0.0022787899431393924,0.1958528539416413
7,1690588800000,0.18312453745443763,-0.012818452470126954,-0.0022787899431393924,0.1956345015138142
7,1690934400000,0.18312453745443763,-0.012818452470126954,-0.0022787899431393924,0.19535694408931836
7,1691280000000,0.18312453745443763,-0.012818452470126954,-0.0022787899431393924,0.1950214952439814
7,1691625600000,0.18312453745443763,-0.012818452470126954,-0.0022787899431393924,0.19462974253214615
7,1691971200000,0.18312453745443763,-0.012818452470126954,-0.0022787899431393924,0.1941835399733676
7,1692316800000,0.18312453745443763,-0.012818452470126954,-0.0022787899431393924,0.1936849992780297
7,1692662400000,0.18312453745443763,-0.012818452470126954,-0.0022787899431393924,0.193136479853407
7,1693008000000,0.18312453745443763,-0.012818452470126954,-0.0022787899431393924,0.19254057763746976
7,1693353600000,0.18312453745443763,-0.012818452470126954,-0.0022787899431393924,0.1919001128132769
7,1693699200000,0.18312453745443763,-0.012818452470126954,-0.0022787899431393924,0.19121811646210124
7,1694044800000,0.18312453745443763,-0.012818452470126954,-0.0022787899431393924,0.1904978162184513
7,1694390400000,0.18312453745443763,-0.012818452470126954,-0.0022787899431393924,0.18974262099488065
8,1654560000000,0.06897549078971583,-0.009768185961210792,0.006656001800159501,0.08063579306025109
8,1655251200000,0.06897549078971583,-0.009768185961210792,0.006656001800159501,0.08025965154083017
8,1655596800000,0.06897549078971583,-0.009768185961210792,0.006656001800159501,0.07999096576646465
8,1655942400000,0.06897549078971583,-0.009768185961210792,0.006656001800159501,0.07967014785517153
8,1656288000000,0.06897549078971583,-0.009768185961210792,0.006656001800159501,0.07929871611853664
8,1656633600000,0.06897549078971583,-0.009768185961210792,0.006656001800159501,0.07887842840451421
8,1656979200000,0.06897549078971583,-0.009768185961210792,0.006656001800159501,0.07841127377818802
8,1657324800000,0.06897549078971583,-0.009768185961210792,0.006656001800159501,0.07789946310826737
8,1657670400000,0.06897549078971583,-0.009768185961210792,0.006656001800159501,0.07734541860387023
8,1658016000000,0.06897549078971583,-0.009768185961210792,0.006656001800159501,0.07675176235110971
8,1658361600000,0.06897549078971583,-0.009768185961210792,0.006656001800159501,0.07612130390373838
8,1658707200000,0.06897549078971583,-0.009768185961210792,0.006656001800159501,0.0754570269865775
8,1659052800000,0.06897549078971583,-0.009768185961210792,0.006656001800159501,0.07476207537465948
8,1659398400000,0.06897549078971583,-0.009768185961210792,0.006656001800159501,0.07403973801491284
8,1659744000000,0.06897549078971583,-0.009768185961210792,0.006656001800159501,0.07329343346080225
8,1660089600000,0.06897549078971583,-0.009768185961210792,0.006656001800159501,0.07252669369358927
8,1660435200000,0.06897549078971583,-0.009768185961210792,0.006656001800159501,0.07174314740678145
8,1660780800000,0.06897549078971583,-0.009768185961210792,0.006656001800159501,0.07094650283287897
8,1661126400000,0.06897549078971583,-0.009768185961210792,0.006656001800159501,0.07014053019369232
8,1661472000000,0.06897549078971583,-0.009768185961210792,0.006656001800159501,0.06932904385728761
8,1661817600000,0.06897549078971583,-0.009768185961210792,0.006656001800159501,0.06851588428600479
8,1662163200000,0.06897549078971583,-0.009768185961210792,0.006656001800159501,0.06770489986098074
8,1662508800000,0.06897549078971583,-0.009768185961210792,0.006656001800159501,0.06689992866919592
8,1662854400000,0.06897549078971583,-0.009768185961210792,0.006656001800159501,0.06610478033923936
8,1685750400000,0.25568336269771313,-0.024759676569824543,0.013455402474503997,0.2838618384619265
8,1686096000000,0.25568336269771313,-0.024759676569824543,0.013455402474503997,0.2838124085321068
8,1686441600000,0.25568336269771313,-0.024759676569824543,0.013455402474503997,0.28362985431375876
8,1686787200000,0.25568336269771313,-0.024759676569824543,0.013455402474503997,0.2833150397679488
8,1687132800000,0.25568336269771313,-0.024759676569824543,0.013455402474503997,0.2828694547945716
8,1687478400000,0.25568336269771313,-0.024759676569824543,0.013455402474503997,0.2822952081812096
8,1687824000000,0.25568336269771313,-0.024759676569824543,0.013455402474503997,0.28159501762302724
8,1688169600000,0.25568336269771313,-0.024759676569824543,0.013455402474503997,0.28077219686093285
8,1688515200000,0.25568336269771313,-0.024759676569824543,0.013455402474503997,0.279830639998878
8,1688860800000,0.25568336269771313,-0.024759676569824543,0.013455402474503997,0.27877480307451524
8,1689206400000,0.25568336269771313,-0.024759676569824543,0.013455402474503997,0.27760968297043304
8,1689552000000,0.25568336269771313,-0.024759676569824543,0.013455402474503997,0.27634079376577286
8,1689897600000,0.25568336269771313,-0.024759676569824543,0.013455402474503997,0.2749741406401484
8,1690243200000,0.25568336269771313,-0.024759676569824543,0.013455402474503997,0.27351619145336825
8,1690588800000,0.25568336269771313,-0.024759676569824543,0.013455402474503997,0.2719738461354674
8,1690934400000,0.25568336269771313,-0.024759676569824543,0.013455402474503997,0.2703544040319092
8,1691280000000,0.25568336269771313,-0.024759676569824543,0.013455402474503997,0.26866552935850546
8,1691625600000,0.25568336269771313,-0.024759676569824543,0.013455402474503997,0.2669152149295391
8,1691971200000,0.25568336269771313,-0.024759676569824543,0.013455402474503997,0.2651117443307539
8,1692316800000,0.25568336269771313,-0.024759676569824543,0.013455402474503997,0.26326365271623076
8,1692662400000,0.25568336269771313,-0.024759676569824543,0.013455402474503997,0.26137968641468484
8,1693008000000,0.25568336269771313,-0.024759676569824543,0.013455402474503997,0.259468761536353
8,1693353600000,0.25568336269771313,-0.024759676569824543,0.013455402474503997,0.2575399217763659
8,1693699200000,0.25568336269771313,-0.024759676569824543,0.013455402474503997,0.2556022956143121
8,1694044800000,0.25568336269771313,-0.024759676569824543,0.013455402474503997,0.2536650531125453
8,1694390400000,0.25568336269771313,-0.024759676569824543,0.013455402474503997,0.25173736251769846
9,1654560000000,0.18258831619773058,0.0810015999332878,0.012150676208653736,0.11417877358530112
9,1655251200000,0.18258831619773058,0.0810015999332878,0.012150676208653736,0.1086462153499066
9,1655596800000,0.18258831619773058,0.0810015999332878,0.012150676208653736,0.10639870043922328
9,1655942400000,0.18258831619773058,0.0810015999332878,0.012150676208653736,0.10451176257942234
9,1656288000000,0.18258831619773058,0.0810015999332878,0.012150676208653736,0.10299433194401783
9,1656633600000,0.18258831619773058,0.0810015999332878,0.012150676208653736,0.10185358996656818
9,1656979200000,0.18258831619773058,0.0810015999332878,0.012150676208653736,0.10109493535362896
9,1657324800000,0.18258831619773058,0.0810015999332878,0.012150676208653736,0.10072195853468632
9,1657670400000,0.18258831619773058,0.0810015999332878,0.012150676208653736,0.10073642466999337
9,1658016000000,0.18258831619773058,0.0810015999332878,0.012150676208653736,0.10113826529672403
9,1658361600000,0.18258831619773058,0.0810015999332878,0.012150676208653736,0.10192557865298243
9,1658707200000,0.18258831619773058,0.0810015999332878,0.012150676208653736,0.10309463867813284
9,1659052800000,0.18258831619773058,0.0810015999332878,0.012150676208653736,0.10463991264685622
9,1659398400000,0.18258831619773058,0.0810015999332878,0.012150676208653736,0.10655408735347607
9,1659744000000,0.18258831619773058,0.0810015999332878,0.012150676208653736,0.10882810372263527
9,1660089600000,0.18258831619773058,0.0810015999332878,0.012150676208653736,0.11145119968252247
9,1660435200000,0.18258831619773058,0.0810015999332878,0.012150676208653736,0.11441096109774743
9,1660780800000,0.18258831619773058,0.0810015999332878,0.012150676208653736,0.11769338052081471
9,1661126400000,0.18258831619773058,0.0810015999332878,0.012150676208653736,0.12128292348415182
9,1661472000000,0.18258831619773058,0.0810015999332878,0.012150676208653736,0.12516260201895502
9,1661817600000,0.18258831619773058,0.0810015999332878,0.012150676208653736,0.12931405505291074
9,1662163200000,0.18258831619773058,0.0810015999332878,0.012150676208653736,0.13371763530630837
9,1662508800000,0.18258831619773058,0.0810015999332878,0.012150676208653736,0.13835250227529064
9,1662854400000,0.18258831619773058,0.0810015999332878,0.012150676208653736,0.1431967208621896
9,1685750400000,0.33176276751578976,-0.027373142980260286,0.02163655833877843,0.3661965768658842
9,1686096000000,0.33176276751578976,-0.027373142980260286,0.02163655833877843,0.3657277364790552
9,1686441600000,0.33176276751578976,-0.027373142980260286,0.02163655833877843,0.3650981525549324
9,1686787200000,0.33176276751578976,-0.027373142980260286,0.02163655833877843,0.3643108046795444
9,1687132800000,0.33176276751578976,-0.027373142980260286,0.02163655833877843,0.3633694190768928
9,1687478400000,0.33176276751578976,-0.027373142980260286,0.02163655833877843,0.36227845097412364
9,1687824000000,0.33176276751578976,-0.027373142980260286,0.02163655833877843,0.36104306351659693
9,1688169600000,0.33176276751578976,-0.027373142980260286,0.02163655833877843,0.35966910333264523
9,1688515200000,0.33176276751578976,-0.027373142980260286,0.02163655833877843,0.35816307286366056
9,1688860800000,0.33176276751578976,-0.027373142980260286,0.02163655833877843,0.35653209959046356
9,1689206400000,0.33176276751578976,-0.027373142980260286,0.02163655833877843,0.3547839023015933
9,1689552000000,0.33176276751578976,-0.027373142980260286,0.02163655833877843,0.35292675456315853
9,1689897600000,0.33176276751578976,-0.027373142980260286,0.02163655833877843,0.3509694455631338
9,1690243200000,0.33176276751578976,-0.027373142980260286,0.02163655833877843,0.3489212385154075
9,1690588800000,0.33176276751578976,-0.027373142980260286,0.02163655833877843,0.34679182682044585
9,1690934400000,0.33176276751578976,-0.027373142980260286,0.02163655833877843,0.34459128819003926
9,1691280000000,0.33176276751578976,-0.027373142980260286,0.02163655833877843,0.34233003695325115
9,1691625600000,0.33176276751578976,-0.027373142980260286,0.02163655833877843,0.3400187747692794
9,1691971200000,0.33176276751578976,-0.027373142980260286,0.02163655833877843,0.3376684399804929
9,1692316800000,0.33176276751578976,-0.027373142980260286,0.02163655833877843,0.33529015584533434
9,1692662400000,0.33176276751578976,-0.027373142980260286,0.02163655833877843,0.33289517789608397
9,1693008000000,0.33176276751578976,-0.027373142980260286,0.02163655833877843,0.3304948406706221
9,1693353600000,0.33176276751578976,-0.027373142980260286,0.02163655833877843,0.3281005040702848
9,1693699200000,0.33176276751578976,-0.027373142980260286,0.02163655833877843,0.3257234995976867
9,1694044800000,0.33176276751578976,-0.027373142980260286,0.02163655833877843,0.32337507672894267
9,1694390400000,0.33176276751578976,-0.027373142980260286,0.02163655833877843,0.32106634967409037
10,1654560000000,0.06441266117203147,-0.013153591764491771,0.006623853424214902,0.07913186040964697
10,1655251200000,0.06441266117203147,-0.013153591764491771,0.006623853424214902,0.07892583848179449
10,1655596800000,0.06441266117203147,-0.013153591764491771,0.006623853424214902,0.0787194735376305
10,1655942400000,0.06441266117203147,-0.013153591764491771,0.006623853424214902,0.07844539978355905
10,1656288000000,0.06441266117203147,-0.013153591764491771,0.006623853424214902,0.07810491430849426
10,1656633600000,0.06441266117203147,-0.013153591764491771,0.006623853424214902,0.07769962850326986
10,1656979200000,0.06441266117203147,-0.013153591764491771,0.006623853424214902,0.07723146043452746
10,1657324800000,0.06441266117203147,-0.013153591764491771,0.006623853424214902,0.0767026257672215
10,1657670400000,0.06441266117203147,-0.013153591764491771,0.006623853424214902,0.07611562727870375
10,1658016000000,0.06441266117203147,-0.013153591764491771,0.006623853424214902,0.07547324301401016
10,1658361600000,0.06441266117203147,-0.013153591764491771,0.006623853424214902,0.0747785131384099
10,1658707200000,0.06441266117203147,-0.013153591764491771,0.006623853424214902,0.07403472554943619
10,1659052800000,0.06441266117203147,-0.013153591764491771,0.006623853424214902,0.07324540031649263
10,1659398400000,0.06441266117203147,-0.013153591764491771,0.006623853424214902,0.0724142730216773
10,1659744000000,0.06441266117203147,-0.013153591764491771,0.006623853424214902,0.07154527708066491
10,1660089600000,0.06441266117203147,-0.013153591764491771,0.006623853424214902,0.0706425251273167
10,1660435200000,0.06441266117203147,-0.013153591764491771,0.006623853424214902,0.06971028955011714
10,1660780800000,0.06441266117203147,-0.013153591764491771,0.006623853424214902,0.06875298227255236
10,1661126400000,0.06441266117203147,-0.013153591764491771,0.006623853424214902,0.0677751338731205
10,1661472000000,0.06441266117203147,-0.013153591764491771,0.006623853424214902,0.06678137214379232
10,1661817600000,0.06441266117203147,-0.013153591764491771,0.006623853424214902,0.06577640018839741
10,1662163200000,0.06441266117203147,-0.013153591764491771,0.006623853424214902,0.06476497416458649
10,1662508800000,0.06441266117203147,-0.013153591764491771,0.006623853424214902,0.06375188077471029
10,1662854400000,0.06441266117203147,-0.013153591764491771,0.006623853424214902,0.06274191461214168
10,1685750400000,0.23490410372433423,-0.05423305160869948,0.004048955221538934,0.2842878370641964
10,1686096000000,0.23490410372433423,-0.05423305160869948,0.004048955221538934,0.2857370857788172
10,1686441600000,0.23490410372433423,-0.05423305160869948,0.004048955221538934,0.28694576093791757
10,1686787200000,0.23490410372433423,-0.05423305160869948,0.004048955221538934,0.28790814233251605
10,1687132800000,0.23490410372433423,-0.05423305160869948,0.004048955221538934,0.2886196753702104
10,1687478400000,0.23490410372433423,-0.05423305160869948,0.004048955221538934,0.28907699263036457
10,1687824000000,0.23490410372433423,-0.05423305160869948,0.004048955221538934,0.28927792980085637
10,1688169600000,0.23490410372433423,-0.05423305160869948,0.004048955221538934,0.2892215359209592
10,1688515200000,0.23490410372433423,-0.05423305160869948,0.004048955221538934,0.2889080778818854
10,1688860800000,0.23490410372433423,-0.05423305160869948,0.004048955221538934,0.28833903916368886
10,1689206400000,0.23490410372433423,-0.05423305160869948,0.004048955221538934,0.28751711281450754
10,1689552000000,0.23490410372433423,-0.05423305160869948,0.004048955221538934,0.2864461887053701
10,1689897600000,0.23490410372433423,-0.05423305160869948,0.004048955221538934,0.28513133512088684
10,1690243200000,0.23490410372433423,-0.05423305160869948,0.004048955221538934,0.2835787747729468
10,1690588800000,0.23490410372433423,-0.05423305160869948,0.004048955221538934,0.2817958553509436
10,1690934400000,0.23490410372433423,-0.05423305160869948,0.004048955221538934,0.27979101474789864
10,1691280000000,0.23490410372433423,-0.05423305160869948,0.004048955221538934,0.27757374112706035
10,1691625600000,0.23490410372433423,-0.05423305160869948,0.004048955221538934,0.27515452801796336
10,1691971200000,0.23490410372433423,-0.05423305160869948,0.004048955221538934,0.2725448246544654
10,1692316800000,0.23490410372433423,-0.05423305160869948,0.004048955221538934,0.2697569817897908
10,1692662400000,0.23490410372433423,-0.05423305160869948,0.004048955221538934,0.2668041932450192
10,1693008000000,0.23490410372433423,-0.05423305160869948,0.004048955221538934,0.2637004334676496
10,1693353600000,0.23490410372433423,-0.05423305160869948,0.004048955221538934,0.26046039139574767
10,1693699200000,0.23490410372433423,-0.05423305160869948,0.004048955221538934,0.25709940094067935
10,1694044800000,0.23490410372433423,-0.05423305160869948,0.004048955221538934,0.253633368417423
10,1694390400000,0.23490410372433423,-0.05423305160869948,0.004048955221538934,0.25007869726591003
11,1654560000000,0.20461282514706244,-0.01550431510366915,-0.013204776731030604,0.21313814781885504
11,1655251200000,0.20461282514706244,-0.01550431510366915,-0.013204776731030604,0.215594732593542
11,1655596800000,0.20461282514706244,-0.01550431510366915,-0.013204776731030604,0.21674791685008524
11,1655942400000,0.20461282514706244,-0.01550431510366915,-0.013204776731030604,0.21784367024108467
11,1656288000000,0.20461282514706244,-0.01550431510366915,-0.013204776731030604,0.21887680697419448
11,1656633600000,0.20461282514706244,-0.01550431510366915,-0.013204776731030604,0.21984243759836997
11,1656979200000,0.20461282514706244,-0.01550431510366915,-0.013204776731030604,0.22073599214381598
11,1657324800000,0.20461282514706244,-0.01550431510366915,-0.013204776731030604,0.22155324174995122
11,1657670400000,0.20461282514706244,-0.01550431510366915,-0.013204776731030604,0.2222903186790282
11,1658016000000,0.20461282514706244,-0.01550431510366915,-0.013204776731030604,0.2229437346206953
11,1658361600000,0.20461282514706244,-0.01550431510366915,-0.013204776731030604,0.22351039720086824
11,1658707200000,0.20461282514706244,-0.01550431510366915,-0.013204776731030604,0.2239876246167847
11,1659052800000,0.20461282514706244,-0.01550431510366915,-0.013204776731030604,0.2243731583289769
11,1659398400000,0.20461282514706244,-0.01550431510366915,-0.013204776731030604,0.22466517375009684
11,1659744000000,0.20461282514706244,-0.01550431510366915,-0.013204776731030604,0.22486228888000825
11,1660089600000,0.20461282514706244,-0.01550431510366915,-0.013204776731030604,0.2249635708462781
11,1660435200000,0.20461282514706244,-0.01550431510366915,-0.013204776731030604,0.22496854031911398
11,1660780800000,0.20461282514706244,-0.01550431510366915,-0.013204776731030604,0.22487717377985333
11,1661126400000,0.20461282514706244,-0.01550431510366915,-0.013204776731030604,0.22468990363226868
11,1661472000000,0.20461282514706244,-0.01550431510366915,-0.013204776731030604,0.22440761615616148
11,1661817600000,0.20461282514706244,-0.01550431510366915,-0.013204776731030604,0.22403164731293052
11,1662163200000,0.20461282514706244,-0.01550431510366915,-0.013204776731030604,0.22356377642296432
11,1662508800000,0.20461282514706244,-0.01550431510366915,-0.013204776731030604,0.22300621774478116
11,1662854400000,0.20461282514706244,-0.01550431510366915,-0.013204776731030604,0.22236160999576893
11,1685750400000,0.16590311923570497,-0.04102251280002372,-0.008202050391307777,0.19779087889563488
11,1686096000000,0.16590311923570497,-0.04102251280002372,-0.008202050391307777,0.19957721911596002
11,1686441600000,0.16590311923570497,-0.04102251280002372,-0.008202050391307777,0.20120419237393652
11,1686787200000,0.16590311923570497,-0.04102251280002372,-0.008202050391307777,0.20266409881160619
11,1687132800000,0.16590311923570497,-0.04102251280002372,-0.008202050391307777,0.20395002923599578
11,1687478400000,0.16590311923570497,-0.04102251280002372,-0.008202050391307777,0.2050558978177507
11,1687824000000,0.16590311923570497,-0.04102251280002372,-0.008202050391307777,0.2059764708930982
11,1688169600000,0.16590311923570497,-0.04102251280002372,-0.008202050391307777,0.20670739173282612
11,1688515200000,0.16590311923570497,-0.04102251280002372,-0.008202050391307777,0.2072452011610588
11,1688860800000,0.16590311923570497,-0.04102251280002372,-0.008202050391307777,0.20758735392624658
11,1689206400000,0.16590311923570497,-0.04102251280002372,-0.008202050391307777,0.20773223074689304
11,1689552000000,0.16590311923570497,-0.04102251280002372,-0.008202050391307777,0.2076791459750104
11,1689897600000,0.16590311923570497,-0.04102251280002372,-0.008202050391307777,0.20742835084103609
11,1690243200000,0.16590311923570497,-0.04102251280002372,-0.008202050391307777,0.2069810322648526
11,1690588800000,0.16590311923570497,-0.04102251280002372,-0.008202050391307777,0.20633930723853822
11,1690934400000,0.16590311923570497,-0.04102251280002372,-0.008202050391307777,0.20550621280743248
11,1691280000000,0.16590311923570497,-0.04102251280002372,-0.008202050391307777,0.20448569169693284
11,1691625600000,0.16590311923570497,-0.04102251280002372,-0.008202050391307777,0.20328257365304508
11,1691971200000,0.16590311923570497,-0.04102251280002372,-0.008202050391307777,0.20190255258499568
11,1692316800000,0.16590311923570497,-0.04102251280002372,-0.008202050391307777,0.20035215961808203
11,1692662400000,0.16590311923570497,-0.04102251280002372,-0.008202050391307777,0.19863873218429057
11,1693008000000,0.16590311923570497,-0.04102251280002372,-0.008202050391307777,0.19677037929696714
11,1693353600000,0.16590311923570497,-0.04102251280002372,-0.008202050391307777,0.19475594317387834
11,1693699200000,0.16590311923570497,-0.04102251280002372,-0.008202050391307777,0.19260495739029213
11,1694044800000,0.16590311923570497,-0.04102251280002372,-0.008202050391307777,0.19032760176011898
11,1694390400000,0.16590311923570497,-0.04102251280002372,-0.008202050391307777,0.1879346541586476
12,1654560000000,0.19247578749115846,-0.04781441286724587,0.004175450287733794,0.23762290401841046
12,1655251200000,0.19247578749115846,-0.04781441286724587,0.004175450287733794,0.23943087585953224
12,1655596800000,0.19247578749115846,-0.04781441286724587,0.004175450287733794,0.24000341102692488
12,1655942400000,0.19247578749115846,-0.04781441286724587,0.004175450287733794,0.24035101566855807
12,1656288000000,0.19247578749115846,-0.04781441286724587,0.004175450287733794,0.2404720447012363
12,1656633600000,0.19247578749115846,-0.04781441286724587,0.004175450287733794,0.24036592533966283
12,1656979200000,0.19247578749115846,-0.04781441286724587,0.004175450287733794,0.24003315980721887
12,1657324800000,0.19247578749115846,-0.04781441286724587,0.004175450287733794,0.23947532295912738
12,1657670400000,0.19247578749115846,-0.04781441286724587,0.004175450287733794,0.23869505482925094
12,1658016000000,0.19247578749115846,-0.04781441286724587,0.004175450287733794,0.23769604813579462
12,1658361600000,0.19247578749115846,-0.04781441286724587,0.004175450287733794,0.23648303080504807
12,1658707200000,0.19247578749115846,-0.04781441286724587,0.004175450287733794,0.23506174359587265
12,1659052800000,0.19247578749115846,-0.04781441286724587,0.004175450287733794,0.23343891293082877
12,1659398400000,0.19247578749115846,-0.04781441286724587,0.004175450287733794,0.23162221906252664
12,1659744000000,0.19247578749115846,-0.04781441286724587,0.004175450287733794,0.22962025972585268
12,1660089600000,0.19247578749115846,-0.04781441286724587,0.004175450287733794,0.22744250944809558
12,1660435200000,0.19247578749115846,-0.04781441286724587,0.004175450287733794,0.22509927470953958
12,1660780800000,0.19247578749115846,-0.04781441286724587,0.004175450287733794,0.2226016451667364
12,1661126400000,0.19247578749115846,-0.04781441286724587,0.004175450287733794,0.21996144116929403
12,1661472000000,0.19247578749115846,-0.04781441286724587,0.004175450287733794,0.21719115781856724
12,1661817600000,0.19247578749115846,-0.04781441286724587,0.004175450287733794,0.21430390583300218
12,1662163200000,0.19247578749115846,-0.04781441286724587,0.004175450287733794,0.2113133494999922
12,1662508800000,0.19247578749115846,-0.04781441286724587,0.004175450287733794,0.20823364200789923
12,1662854400000,0.19247578749115846,-0.04781441286724587,0.004175450287733794,0.2050793584642894
12,1685750400000,0.09722860805684413,-0.11488166193605001,-0.004261499441820044,0.19560762340993756
12,1686096000000,0.09722860805684413,-0.11488166193605001,-0.004261499441820044,0.19946408000852306
12,1686441600000,0.09722860805684413,-0.11488166193605001,-0.004261499441820044,0.2028366942277384
12,1686787200000,0.09722860805684413,-0.11488166193605001,-0.004261499441820044,0.205709504741662
12,1687132800000,0.09722860805684413,-0.11488166193605001,-0.004261499441820044,0.20806891560900348
12,1687478400000,0.09722860805684413,-0.11488166193605001,-0.004261499441820044,0.2099037606176227
12,1687824000000,0.09722860805684413,-0.11488166193605001,-0.004261499441820044,0.21120535613005278
12,1688169600000,0.09722860805684413,-0.11488166193605001,-0.004261499441820044,0.21196754217991692
12,1688515200000,0.09722860805684413,-0.11488166193605001,-0.004261499441820044,0.21218671162475433
12,1688860800000,0.09722860805684413,-0.11488166193605001,-0.004261499441820044,0.2118618272172803
12,1689206400000,0.09722860805684413,-0.11488166193605001,-0.004261499441820044,0.21099442651429126
12,1689552000000,0.09722860805684413,-0.11488166193605001,-0.004261499441820044,0.20958861459998138
12,1689897600000,0.09722860805684413,-0.11488166193605001,-0.004261499441820044,0.20765104465810977
12,1690243200000,0.09722860805684413,-0.11488166193605001,-0.004261499441820044,0.20519088648496084
12,1690588800000,0.09722860805684413,-0.11488166193605001,-0.004261499441820044,0.20221978309211794
12,1690934400000,0.09722860805684413,-0.11488166193605001,-0.004261499441820044,0.19875179560442802
12,1691280000000,0.09722860805684413,-0.11488166193605001,-0.004261499441820044,0.19480333671394068
12,1691625600000,0.09722860805684413,-0.11488166193605001,-0.004261499441820044,0.19039309300475393
12,1691971200000,0.09722860805684413,-0.11488166193605001,-0.004261499441820044,0.18554193651637732
12,1692316800000,0.09722860805684413,-0.11488166193605001,-0.004261499441820044,0.18027282596414987
12,1692662400000,0.09722860805684413,-0.11488166193605001,-0.004261499441820044,0.17461069808419633
12,1693008000000,0.09722860805684413,-0.11488166193605001,-0.004261499441820044,0.16858234961715432
12,1693353600000,0.09722860805684413,-0.11488166193605001,-0.004261499441820044,0.16221631048918503
12,1693699200000,0.09722860805684413,-0.11488166193605001,-0.004261499441820044,0.15554270879047188
12,1694044800000,0.09722860805684413,-0.11488166193605001,-0.004261499441820044,0.14859312819019777
12,1694390400000,0.09722860805684413,-0.11488166193605001,-0.004261499441820044,0.14140045846281243
13,1654560000000,0.1708628425388603,0.01718882606671227,0.007595654394616263,0.15845314121180698
13,1655251200000,0.1708628425388603,0.01718882606671227,0.007595654394616263,0.15663455721700498
13,1655596800000,0.1708628425388603,0.01718882606671227,0.007595654394616263,0.15582419406138978
13,1655942400000,0.1708628425388603,0.01718882606671227,0.007595654394616263,0.15508500322319968
13,1656288000000,0.1708628425388603,0.01718882606671227,0.007595654394616263,0.15442048301713057
13,1656633600000,0.1708628425388603,0.01718882606671227,0.007595654394616263,0.15383377836961054
13,1656979200000,0.1708628425388603,0.01718882606671227,0.007595654394616263,0.15332766593503588
13,1657324800000,0.1708628425388603,0.01718882606671227,0.007595654394616263,0.15290454095490047
13,1657670400000,0.1708628425388603,0.01718882606671227,0.007595654394616263,0.152566405922011
13,1658016000000,0.1708628425388603,0.01718882606671227,0.007595654394616263,0.1523148611034346
13,1658361600000,0.1708628425388603,0.01718882606671227,0.007595654394616263,0.1521510969670315
13,1658707200000,0.1708628425388603,0.01718882606671227,0.007595654394616263,0.1520758885474145
13,1659052800000,0.1708628425388603,0.01718882606671227,0.007595654394616263,0.15208959177799886
13,1659398400000,0.1708628425388603,0.01718882606671227,0.007595654394616263,0.1521921418065023
13,1659744000000,0.1708628425388603,0.01718882606671227,0.007595654394616263,0.1523830533018665
13,1660089600000,0.1708628425388603,0.01718882606671227,0.007595654394616263,0.15266142275114822
13,1660435200000,0.1708628425388603,0.01718882606671227,0.007595654394616263,0.15302593273550924
13,1660780800000,0.1708628425388603,0.01718882606671227,0.007595654394616263,0.15347485816506864
13,1661126400000,0.1708628425388603,0.01718882606671227,0.007595654394616263,0.15400607444311007
13,1661472000000,0.1708628425388603,0.01718882606671227,0.007595654394616263,0.15461706752100624
13,1661817600000,0.1708628425388603,0.01718882606671227,0.007595654394616263,0.15530494579627369
13,1662163200000,0.1708628425388603,0.01718882606671227,0.007595654394616263,0.15606645379744968
13,1662508800000,0.1708628425388603,0.01718882606671227,0.007595654394616263,0.15689798759102497
13,1662854400000,0.1708628425388603,0.01718882606671227,0.007595654394616263,0.15779561183751764
13,1685750400000,0.1623772542171272,0.017922205263512365,0.005466587737892335,0.1493598134433021
13,1686096000000,0.1623772542171272,0.017922205263512365,0.005466587737892335,0.14846401282071978
13,1686441600000,0.1623772542171272,0.017922205263512365,0.005466587737892335,0.14763405838335555
13,1686787200000,0.1623772542171272,0.017922205263512365,0.005466587737892335,0.14687387799618706
13,1687132800000,0.1623772542171272,0.017922205263512365,0.005466587737892335,0.1461870693096211
13,1687478400000,0.1623772542171272,0.017922205263512365,0.005466587737892335,0.14557688273315614
13,1687824000000,0.1623772542171272,0.017922205263512365,0.005466587737892335,0.14504620605240467
13,1688169600000,0.1623772542171272,0.017922205263512365,0.005466587737892335,0.14459755076228137
13,1688515200000,0.1623772542171272,0.017922205263512365,0.005466587737892335,0.14423304018103322
13,1688860800000,0.1623772542171272,0.017922205263512365,0.005466587737892335,0.143954399401366
13,1689206400000,0.1623772542171272,0.017922205263512365,0.005466587737892335,0.1437629471262236
13,1689552000000,0.1623772542171272,0.017922205263512365,0.005466587737892335,0.14365958942785825
13,1689897600000,0.1623772542171272,0.017922205263512365,0.005466587737892335,0.14364481545972874
13,1690243200000,0.1623772542171272,0.017922205263512365,0.005466587737892335,0.14371869514151897
13,1690588800000,0.1623772542171272,0.017922205263512365,0.005466587737892335,0.14388087882823447
13,1690934400000,0.1623772542171272,0.017922205263512365,0.005466587737892335,0.14413059896494182
13,1691280000000,0.1623772542171272,0.017922205263512365,0.005466587737892335,0.1444666737193198
13,1691625600000,0.1623772542171272,0.017922205263512365,0.005466587737892335,0.14488751257483148
13,1691971200000,0.1623772542171272,0.017922205263512365,0.005466587737892335,0.14539112385804595
13,1692316800000,0.1623772542171272,0.017922205263512365,0.005466587737892335,0.1459751241644862
13,1692662400000,0.1623772542171272,0.017922205263512365,0.005466587737892335,0.14663674963839443
13,1693008000000,0.1623772542171272,0.017922205263512365,0.005466587737892335,0.14737286905303054
13,1693353600000,0.1623772542171272,0.017922205263512365,0.005466587737892335,0.14817999862960166
13,1693699200000,0.1623772542171272,0.017922205263512365,0.005466587737892335,0.14905431852468806
13,1694044800000,0.1623772542171272,0.017922205263512365,0.005466587737892335,0.14999169090813855
13,1694390400000,0.1623772542171272,0.017922205263512365,0.005466587737892335,0.15098767954587788
14,1654560000000,0.17987313596462007,-0.11041532501115688,-0.12386815005622719,0.22805985754046218
14,1655251200000,0.17987313596462007,-0.11041532501115688,-0.12386815005622719,0.24938674133030736
14,1655596800000,0.17987313596462007,-0.11041532501115688,-0.12386815005622719,0.2595816129900614
14,1655942400000,0.17987313596462007,-0.11041532501115688,-0.12386815005622719,0.26939925414025023
14,1656288000000,0.17987313596462007,-0.11041532501115688,-0.12386815005622719,0.2787932015449409
14,1656633600000,0.17987313596462007,-0.11041532501115688,-0.12386815005622719,0.2877189971527645
14,1656979200000,0.17987313596462007,-0.11041532501115688,-0.12386815005622719,0.29613439850029394
14,1657324800000,0.17987313596462007,-0.11041532501115688,-0.12386815005622719,0.30399957862988586
14,1657670400000,0.17987313596462007,-0.11041532501115688,-0.12386815005622719,0.31127731457581437
14,1658016000000,0.17987313596462007,-0.11041532501115688,-0.12386815005622719,0.3179331635267046
14,1658361600000,0.17987313596462007,-0.11041532501115688,-0.12386815005622719,0.3239356258305108
14,1658707200000,0.17987313596462007,-0.11041532501115688,-0.12386815005622719,0.3292562940706312
14,1659052800000,0.17987313596462007,-0.11041532501115688,-0.12386815005622719,0.333869987507623
14,1659398400000,0.17987313596462007,-0.11041532501115688,-0.12386815005622719,0.3377548712502525
14,1659744000000,0.17987313596462007,-0.11041532501115688,-0.12386815005622719,0.34089255959189807
14,1660089600000,0.17987313596462007,-0.11041532501115688,-0.12386815005622719,0.3432682030232459
14,1660435200000,0.17987313596462007,-0.11041532501115688,-0.12386815005622719,0.3448705585094826
14,1660780800000,0.17987313596462007,-0.11041532501115688,-0.12386815005622719,0.34569204269938686
14,1661126400000,0.17987313596462007,-0.11041532501115688,-0.12386815005622719,0.345728767814505
14,1661472000000,0.17987313596462007,-0.11041532501115688,-0.12386815005622719,0.34498056004855693
14,1661817600000,0.17987313596462007,-0.11041532501115688,-0.12386815005622719,0.34345096038999623
14,1662163200000,0.17987313596462007,-0.11041532501115688,-0.12386815005622719,0.34114720786383207
14,1662508800000,0.17987313596462007,-0.11041532501115688,-0.12386815005622719,0.33808020527202215
14,1662854400000,0.17987313596462007,-0.11041532501115688,-0.12386815005622719,0.3342644675945755
14,1685750400000,0.1856585618263586,-0.04969352484532114,-0.04479153894085608,0.20737128950206835
14,1686096000000,0.1856585618263586,-0.04969352484532114,-0.04479153894085608,0.21167058508854736
14,1686441600000,0.1856585618263586,-0.04969352484532114,-0.04479153894085608,0.21584677546518924
14,1686787200000,0.1856585618263586,-0.04969352484532114,-0.04479153894085608,0.21988009627966099
14,1687132800000,0.1856585618263586,-0.04969352484532114,-0.04479153894085608,0.22375145932801288
14,1687478400000,0.1856585618263586,-0.04969352484532114,-0.04479153894085608,0.2274425428920279
14,1687824000000,0.1856585618263586,-0.04969352484532114,-0.04479153894085608,0.23093587844908997
14,1688169600000,0.1856585618263586,-0.04969352484532114,-0.04479153894085608,0.23421493334418544
14,1688515200000,0.1856585618263586,-0.04969352484532114,-0.04479153894085608,0.2372641890327996
14,1688860800000,0.1856585618263586,-0.04969352484532114,-0.04479153894085608,0.24006921452440094
14,1689206400000,0.1856585618263586,-0.04969352484532114,-0.04479153894085608,0.24261673467894126
14,1689552000000,0.1856585618263586,-0.04969352484532114,-0.04479153894085608,0.2448946930331448
14,1689897600000,0.1856585618263586,-0.04969352484532114,-0.04479153894085608,0.24689230885925448
14,1690243200000,0.1856585618263586,-0.04969352484532114,-0.04479153894085608,0.24860012818619867
14,1690588800000,0.1856585618263586,-0.04969352484532114,-0.04479153894085608,0.2500100685417107
14,1690934400000,0.1856585618263586,-0.04969352484532114,-0.04479153894085608,0.2511154572036587
14,1691280000000,0.1856585618263586,-0.04969352484532114,-0.04479153894085608,0.25191106277955105
14,1691625600000,0.1856585618263586,-0.04969352484532114,-0.04479153894085608,0.25239311996476765
14,1691971200000,0.1856585618263586,-0.04969352484532114,-0.04479153894085608,0.252559347362343
14,1692316800000,0.1856585618263586,-0.04969352484532114,-0.04479153894085608,0.25240895827996734
14,1692662400000,0.1856585618263586,-0.04969352484532114,-0.04479153894085608,0.25194266445310837
14,1693008000000,0.1856585618263586,-0.04969352484532114,-0.04479153894085608,0.2511626726766327
14,1693353600000,0.1856585618263586,-0.04969352484532114,-0.04479153894085608,0.2500726743608679
14,1693699200000,0.1856585618263586,-0.04969352484532114,-0.04479153894085608,0.24867782806153382
14,1694044800000,0.1856585618263586,-0.04969352484532114,-0.04479153894085608,0.24698473506622115
14,1694390400000,0.1856585618263586,-0.04969352484532114,-0.04479153894085608,0.24500140815295812
