point,intercept,cos,sin
0,0.08328512141223078,0.004425326626098816,0.010025834855714373
0,0.08328512141223078,0.004425326626098816,0.010025834855714373
0,0.08328512141223078,0.004425326626098816,0.010025834855714373
0,0.08328512141223078,0.004425326626098816,0.010025834855714373
0,0.08328512141223078,0.004425326626098816,0.010025834855714373
0,0.08328512141223078,0.004425326626098816,0.010025834855714373
0,0.08328512141223078,0.004425326626098816,0.010025834855714373
0,0.08328512141223078,0.004425326626098816,0.010025834855714373
0,0.08328512141223078,0.004425326626098816,0.010025834855714373
0,0.08328512141223078,0.004425326626098816,0.010025834855714373
0,0.08328512141223078,0.004425326626098816,0.010025834855714373
0,0.08328512141223078,0.004425326626098816,0.010025834855714373
0,0.08328512141223078,0.004425326626098816,0.010025834855714373
0,0.08328512141223078,0.004425326626098816,0.010025834855714373
0,0.08328512141223078,0.004425326626098816,0.010025834855714373
0,0.08328512141223078,0.004425326626098816,0.010025834855714373
0,0.08328512141223078,0.004425326626098816,0.010025834855714373
0,0.08328512141223078,0.004425326626098816,0.010025834855714373
0,0.08328512141223078,0.004425326626098816,0.010025834855714373
0,0.08328512141223078,0.004425326626098816,0.010025834855714373
0,0.08328512141223078,0.004425326626098816,0.010025834855714373
0,0.08328512141223078,0.004425326626098816,0.010025834855714373
0,0.08328512141223078,0.004425326626098816,0.010025834855714373
0,0.08328512141223078,0.004425326626098816,0.010025834855714373
0,0.08328512141223078,0.004425326626098816,0.010025834855714373
0,0.09285786886981323,0.015807361266766923,0.017702205093882404
0,0.09285786886981323,0.015807361266766923,0.017702205093882404
0,0.09285786886981323,0.015807361266766923,0.017702205093882404
0,0.09285786886981323,0.015807361266766923,0.017702205093882404
0,0.09285786886981323,0.015807361266766923,0.017702205093882404
0,0.09285786886981323,0.015807361266766923,0.017702205093882404
0,0.09285786886981323,0.015807361266766923,0.017702205093882404
0,0.09285786886981323,0.015807361266766923,0.017702205093882404
0,0.09285786886981323,0.015807361266766923,0.017702205093882404
0,0.09285786886981323,0.015807361266766923,0.017702205093882404
0,0.09285786886981323,0.015807361266766923,0.017702205093882404
0,0.09285786886981323,0.015807361266766923,0.017702205093882404
0,0.09285786886981323,0.015807361266766923,0.017702205093882404
0,0.09285786886981323,0.015807361266766923,0.017702205093882404
0,0.09285786886981323,0.015807361266766923,0.017702205093882404
0,0.09285786886981323,0.015807361266766923,0.017702205093882404
0,0.09285786886981323,0.015807361266766923,0.017702205093882404
0,0.09285786886981323,0.015807361266766923,0.017702205093882404
0,0.09285786886981323,0.015807361266766923,0.017702205093882404
0,0.09285786886981323,0.015807361266766923,0.017702205093882404
0,0.09285786886981323,0.015807361266766923,0.017702205093882404
0,0.09285786886981323,0.015807361266766923,0.017702205093882404
0,0.09285786886981323,0.015807361266766923,0.017702205093882404
0,0.09285786886981323,0.015807361266766923,0.017702205093882404
0,0.09285786886981323,0.015807361266766923,0.017702205093882404
1,0.12059650279833643,-0.023879269993110675,0.0026450335575912806
1,0.12059650279833643,-0.023879269993110675,0.0026450335575912806
1,0.12059650279833643,-0.023879269993110675,0.0026450335575912806
1,0.12059650279833643,-0.023879269993110675,0.0026450335575912806
1,0.12059650279833643,-0.023879269993110675,0.0026450335575912806
1,0.12059650279833643,-0.023879269993110675,0.0026450335575912806
1,0.12059650279833643,-0.023879269993110675,0.0026450335575912806
1,0.12059650279833643,-0.023879269993110675,0.0026450335575912806
1,0.12059650279833643,-0.023879269993110675,0.0026450335575912806
1,0.12059650279833643,-0.023879269993110675,0.0026450335575912806
1,0.12059650279833643,-0.023879269993110675,0.0026450335575912806
1,0.12059650279833643,-0.023879269993110675,0.0026450335575912806
1,0.12059650279833643,-0.023879269993110675,0.0026450335575912806
1,0.12059650279833643,-0.023879269993110675,0.0026450335575912806
1,0.12059650279833643,-0.023879269993110675,0.0026450335575912806
1,0.12059650279833643,-0.023879269993110675,0.0026450335575912806
1,0.12059650279833643,-0.023879269993110675,0.0026450335575912806
1,0.12059650279833643,-0.023879269993110675,0.0026450335575912806
1,0.12059650279833643,-0.023879269993110675,0.0026450335575912806
1,0.12059650279833643,-0.023879269993110675,0.0026450335575912806
1,0.12059650279833643,-0.023879269993110675,0.0026450335575912806
1,0.12059650279833643,-0.023879269993110675,0.0026450335575912806
1,0.12059650279833643,-0.023879269993110675,0.0026450335575912806
1,0.12059650279833643,-0.023879269993110675,0.0026450335575912806
1,0.12059650279833643,-0.023879269993110675,0.0026450335575912806
1,0.10255642201955924,-0.04701850454324155,-0.009933528182212993
1,0.10255642201955924,-0.04701850454324155,-0.009933528182212993
1,0.10255642201955924,-0.04701850454324155,-0.009933528182212993
1,0.10255642201955924,-0.04701850454324155,-0.009933528182212993
1,0.10255642201955924,-0.04701850454324155,-0.009933528182212993
1,0.10255642201955924,-0.04701850454324155,-0.009933528182212993
1,0.10255642201955924,-0.04701850454324155,-0.009933528182212993
1,0.10255642201955924,-0.04701850454324155,-0.009933528182212993
1,0.10255642201955924,-0.04701850454324155,-0.009933528182212993
1,0.10255642201955924,-0.04701850454324155,-0.009933528182212993
1,0.10255642201955924,-0.04701850454324155,-0.009933528182212993
1,0.10255642201955924,-0.04701850454324155,-0.009933528182212993
1,0.10255642201955924,-0.04701850454324155,-0.009933528182212993
1,0.10255642201955924,-0.04701850454324155,-0.009933528182212993
1,0.10255642201955924,-0.04701850454324155,-0.009933528182212993
1,0.10255642201955924,-0.04701850454324155,-0.009933528182212993
1,0.10255642201955924,-0.04701850454324155,-0.009933528182212993
1,0.10255642201955924,-0.04701850454324155,-0.009933528182212993
1,0.10255642201955924,-0.04701850454324155,-0.009933528182212993
1,0.10255642201955924,-0.04701850454324155,-0.009933528182212993
1,0.10255642201955924,-0.04701850454324155,-0.009933528182212993
1,0.10255642201955924,-0.04701850454324155,-0.009933528182212993
1,0.10255642201955924,-0.04701850454324155,-0.009933528182212993
1,0.10255642201955924,-0.04701850454324155,-0.009933528182212993
1,0.10255642201955924,-0.04701850454324155,-0.009933528182212993
2,0.025921679029839495,-0.04274706405968403,-0.0021787714542326154
2,0.025921679029839495,-0.04274706405968403,-0.0021787714542326154
2,0.025921679029839495,-0.04274706405968403,-0.0021787714542326154
2,0.025921679029839495,-0.04274706405968403,-0.0021787714542326154
2,0.025921679029839495,-0.04274706405968403,-0.0021787714542326154
2,0.025921679029839495,-0.04274706405968403,-0.0021787714542326154
2,0.025921679029839495,-0.04274706405968403,-0.0021787714542326154
2,0.025921679029839495,-0.04274706405968403,-0.0021787714542326154
2,0.025921679029839495,-0.04274706405968403,-0.0021787714542326154
2,0.025921679029839495,-0.04274706405968403,-0.0021787714542326154
2,0.025921679029839495,-0.04274706405968403,-0.0021787714542326154
2,0.025921679029839495,-0.04274706405968403,-0.0021787714542326154
2,0.025921679029839495,-0.04274706405968403,-0.0021787714542326154
2,0.025921679029839495,-0.04274706405968403,-0.0021787714542326154
2,0.025921679029839495,-0.04274706405968403,-0.0021787714542326154
2,0.025921679029839495,-0.04274706405968403,-0.0021787714542326154
2,0.025921679029839495,-0.04274706405968403,-0.0021787714542326154
2,0.025921679029839495,-0.04274706405968403,-0.0021787714542326154
2,0.025921679029839495,-0.04274706405968403,-0.0021787714542326154
2,0.025921679029839495,-0.04274706405968403,-0.0021787714542326154
2,0.025921679029839495,-0.04274706405968403,-0.0021787714542326154
2,0.025921679029839495,-0.04274706405968403,-0.0021787714542326154
2,0.025921679029839495,-0.04274706405968403,-0.0021787714542326154
2,0.025921679029839495,-0.04274706405968403,-0.0021787714542326154
2,0.025921679029839495,-0.04274706405968403,-0.0021787714542326154
2,0.07361949199533516,0.008699415576507833,0.02977874088325035
2,0.07361949199533516,0.008699415576507833,0.02977874088325035
2,0.07361949199533516,0.008699415576507833,0.02977874088325035
2,0.07361949199533516,0.008699415576507833,0.02977874088325035
2,0.07361949199533516,0.008699415576507833,0.02977874088325035
2,0.07361949199533516,0.008699415576507833,0.02977874088325035
2,0.07361949199533516,0.008699415576507833,0.02977874088325035
2,0.07361949199533516,0.008699415576507833,0.02977874088325035
2,0.07361949199533516,0.008699415576507833,0.02977874088325035
2,0.07361949199533516,0.008699415576507833,0.02977874088325035
2,0.07361949199533516,0.008699415576507833,0.02977874088325035
2,0.07361949199533516,0.008699415576507833,0.02977874088325035
2,0.07361949199533516,0.008699415576507833,0.02977874088325035
2,0.07361949199533516,0.008699415576507833,0.02977874088325035
2,0.07361949199533516,0.008699415576507833,0.02977874088325035
2,0.07361949199533516,0.008699415576507833,0.02977874088325035
2,0.07361949199533516,0.008699415576507833,0.02977874088325035
2,0.07361949199533516,0.008699415576507833,0.02977874088325035
2,0.07361949199533516,0.008699415576507833,0.02977874088325035
2,0.07361949199533516,0.008699415576507833,0.02977874088325035
2,0.07361949199533516,0.008699415576507833,0.02977874088325035
2,0.07361949199533516,0.008699415576507833,0.02977874088325035
2,0.07361949199533516,0.008699415576507833,0.02977874088325035
2,0.07361949199533516,0.008699415576507833,0.02977874088325035
2,0.07361949199533516,0.008699415576507833,0.02977874088325035
3,0.09858727336761434,-0.009683018690818876,0.01207872043972477
3,0.09858727336761434,-0.009683018690818876,0.01207872043972477
3,0.09858727336761434,-0.009683018690818876,0.01207872043972477
3,0.09858727336761434,-0.009683018690818876,0.01207872043972477
3,0.09858727336761434,-0.009683018690818876,0.01207872043972477
3,0.09858727336761434,-0.009683018690818876,0.01207872043972477
3,0.09858727336761434,-0.009683018690818876,0.01207872043972477
3,0.09858727336761434,-0.009683018690818876,0.01207872043972477
3,0.09858727336761434,-0.009683018690818876,0.01207872043972477
3,0.09858727336761434,-0.009683018690818876,0.01207872043972477
3,0.09858727336761434,-0.009683018690818876,0.01207872043972477
3,0.09858727336761434,-0.009683018690818876,0.01207872043972477
3,0.09858727336761434,-0.009683018690818876,0.01207872043972477
3,0.09858727336761434,-0.009683018690818876,0.01207872043972477
3,0.09858727336761434,-0.009683018690818876,0.01207872043972477
3,0.09858727336761434,-0.009683018690818876,0.01207872043972477
3,0.09858727336761434,-0.009683018690818876,0.01207872043972477
3,0.09858727336761434,-0.009683018690818876,0.01207872043972477
3,0.09858727336761434,-0.009683018690818876,0.01207872043972477
3,0.09858727336761434,-0.009683018690818876,0.01207872043972477
3,0.09858727336761434,-0.009683018690818876,0.01207872043972477
3,0.09858727336761434,-0.009683018690818876,0.01207872043972477
3,0.09858727336761434,-0.009683018690818876,0.01207872043972477
3,0.09858727336761434,-0.009683018690818876,0.01207872043972477
3,0.09858727336761434,-0.009683018690818876,0.01207872043972477
3,0.09631716656308842,-0.016694537807318218,0.014832911543928753
3,0.09631716656308842,-0.016694537807318218,0.014832911543928753
3,0.09631716656308842,-0.016694537807318218,0.014832911543928753
3,0.09631716656308842,-0.016694537807318218,0.014832911543928753
3,0.09631716656308842,-0.016694537807318218,0.014832911543928753
3,0.09631716656308842,-0.016694537807318218,0.014832911543928753
3,0.09631716656308842,-0.016694537807318218,0.014832911543928753
3,0.09631716656308842,-0.016694537807318218,0.014832911543928753
3,0.09631716656308842,-0.016694537807318218,0.014832911543928753
3,0.09631716656308842,-0.016694537807318218,0.014832911543928753
3,0.09631716656308842,-0.016694537807318218,0.014832911543928753
3,0.09631716656308842,-0.016694537807318218,0.014832911543928753
3,0.09631716656308842,-0.016694537807318218,0.014832911543928753
3,0.09631716656308842,-0.016694537807318218,0.014832911543928753
3,0.09631716656308842,-0.016694537807318218,0.014832911543928753
3,0.09631716656308842,-0.016694537807318218,0.014832911543928753
3,0.09631716656308842,-0.016694537807318218,0.014832911543928753
3,0.09631716656308842,-0.016694537807318218,0.014832911543928753
3,0.09631716656308842,-0.016694537807318218,0.014832911543928753
3,0.09631716656308842,-0.016694537807318218,0.014832911543928753
3,0.09631716656308842,-0.016694537807318218,0.014832911543928753
3,0.09631716656308842,-0.016694537807318218,0.014832911543928753
3,0.09631716656308842,-0.016694537807318218,0.014832911543928753
3,0.09631716656308842,-0.016694537807318218,0.014832911543928753
3,0.09631716656308842,-0.016694537807318218,0.014832911543928753
4,0.058104531911642276,-0.018573198919028193,8.049099638454415e-05
4,0.058104531911642276,-0.018573198919028193,8.049099638454415e-05
4,0.058104531911642276,-0.018573198919028193,8.049099638454415e-05
4,0.058104531911642276,-0.018573198919028193,8.049099638454415e-05
4,0.058104531911642276,-0.018573198919028193,8.049099638454415e-05
4,0.058104531911642276,-0.018573198919028193,8.049099638454415e-05
4,0.058104531911642276,-0.018573198919028193,8.049099638454415e-05
4,0.058104531911642276,-0.018573198919028193,8.049099638454415e-05
4,0.058104531911642276,-0.018573198919028193,8.049099638454415e-05
4,0.058104531911642276,-0.018573198919028193,8.049099638454415e-05
4,0.058104531911642276,-0.018573198919028193,8.049099638454415e-05
4,0.058104531911642276,-0.018573198919028193,8.049099638454415e-05
4,0.058104531911642276,-0.018573198919028193,8.049099638454415e-05
4,0.058104531911642276,-0.018573198919028193,8.049099638454415e-05
4,0.058104531911642276,-0.018573198919028193,8.049099638454415e-05
4,0.058104531911642276,-0.018573198919028193,8.049099638454415e-05
4,0.058104531911642276,-0.018573198919028193,8.049099638454415e-05
4,0.058104531911642276,-0.018573198919028193,8.049099638454415e-05
4,0.058104531911642276,-0.018573198919028193,8.049099638454415e-05
4,0.058104531911642276,-0.018573198919028193,8.049099638454415e-05
4,0.058104531911642276,-0.018573198919028193,8.049099638454415e-05
4,0.058104531911642276,-0.018573198919028193,8.049099638454415e-05
4,0.058104531911642276,-0.018573198919028193,8.049099638454415e-05
4,0.058104531911642276,-0.018573198919028193,8.049099638454415e-05
4,0.058104531911642276,-0.018573198919028193,8.049099638454415e-05
4,0.07778437107250359,-0.00020305523176373532,0.016837940480050016
4,0.07778437107250359,-0.00020305523176373532,0.016837940480050016
4,0.07778437107250359,-0.00020305523176373532,0.016837940480050016
4,0.07778437107250359,-0.00020305523176373532,0.016837940480050016
4,0.07778437107250359,-0.00020305523176373532,0.016837940480050016
4,0.07778437107250359,-0.00020305523176373532,0.016837940480050016
4,0.07778437107250359,-0.00020305523176373532,0.016837940480050016
4,0.07778437107250359,-0.00020305523176373532,0.016837940480050016
4,0.07778437107250359,-0.00020305523176373532,0.016837940480050016
4,0.07778437107250359,-0.00020305523176373532,0.016837940480050016
4,0.07778437107250359,-0.00020305523176373532,0.016837940480050016
4,0.07778437107250359,-0.00020305523176373532,0.016837940480050016
4,0.07778437107250359,-0.00020305523176373532,0.016837940480050016
4,0.07778437107250359,-0.00020305523176373532,0.016837940480050016
4,0.07778437107250359,-0.00020305523176373532,0.016837940480050016
4,0.07778437107250359,-0.00020305523176373532,0.016837940480050016
4,0.07778437107250359,-0.00020305523176373532,0.016837940480050016
4,0.07778437107250359,-0.00020305523176373532,0.016837940480050016
4,0.07778437107250359,-0.00020305523176373532,0.016837940480050016
4,0.07778437107250359,-0.00020305523176373532,0.016837940480050016
4,0.07778437107250359,-0.00020305523176373532,0.016837940480050016
4,0.07778437107250359,-0.00020305523176373532,0.016837940480050016
4,0.07778437107250359,-0.00020305523176373532,0.016837940480050016
4,0.07778437107250359,-0.00020305523176373532,0.016837940480050016
4,0.07778437107250359,-0.00020305523176373532,0.016837940480050016
5,0.04322851639967138,-0.03812338413444807,-0.006041667466462303
5,0.04322851639967138,-0.03812338413444807,-0.006041667466462303
5,0.04322851639967138,-0.03812338413444807,-0.006041667466462303
5,0.04322851639967138,-0.03812338413444807,-0.006041667466462303
5,0.04322851639967138,-0.03812338413444807,-0.006041667466462303
5,0.04322851639967138,-0.03812338413444807,-0.006041667466462303
5,0.04322851639967138,-0.03812338413444807,-0.006041667466462303
5,0.04322851639967138,-0.03812338413444807,-0.006041667466462303
5,0.04322851639967138,-0.03812338413444807,-0.006041667466462303
5,0.04322851639967138,-0.03812338413444807,-0.006041667466462303
5,0.04322851639967138,-0.03812338413444807,-0.006041667466462303
5,0.04322851639967138,-0.03812338413444807,-0.006041667466462303
5,0.04322851639967138,-0.03812338413444807,-0.006041667466462303
5,0.04322851639967138,-0.03812338413444807,-0.006041667466462303
5,0.04322851639967138,-0.03812338413444807,-0.006041667466462303
5,0.04322851639967138,-0.03812338413444807,-0.006041667466462303
5,0.04322851639967138,-0.03812338413444807,-0.006041667466462303
5,0.04322851639967138,-0.03812338413444807,-0.006041667466462303
5,0.04322851639967138,-0.03812338413444807,-0.006041667466462303
5,0.04322851639967138,-0.03812338413444807,-0.006041667466462303
5,0.04322851639967138,-0.03812338413444807,-0.006041667466462303
5,0.04322851639967138,-0.03812338413444807,-0.006041667466462303
5,0.04322851639967138,-0.03812338413444807,-0.006041667466462303
5,0.04322851639967138,-0.03812338413444807,-0.006041667466462303
5,0.04322851639967138,-0.03812338413444807,-0.006041667466462303
5,0.08831383499158908,-0.004384364934688644,0.02383188650237941
5,0.08831383499158908,-0.004384364934688644,0.02383188650237941
5,0.08831383499158908,-0.004384364934688644,0.02383188650237941
5,0.08831383499158908,-0.004384364934688644,0.02383188650237941
5,0.08831383499158908,-0.004384364934688644,0.02383188650237941
5,0.08831383499158908,-0.004384364934688644,0.02383188650237941
5,0.08831383499158908,-0.004384364934688644,0.02383188650237941
5,0.08831383499158908,-0.004384364934688644,0.02383188650237941
5,0.08831383499158908,-0.004384364934688644,0.02383188650237941
5,0.08831383499158908,-0.004384364934688644,0.02383188650237941
5,0.08831383499158908,-0.004384364934688644,0.02383188650237941
5,0.08831383499158908,-0.004384364934688644,0.02383188650237941
5,0.08831383499158908,-0.004384364934688644,0.02383188650237941
5,0.08831383499158908,-0.004384364934688644,0.02383188650237941
5,0.08831383499158908,-0.004384364934688644,0.02383188650237941
5,0.08831383499158908,-0.004384364934688644,0.02383188650237941
5,0.08831383499158908,-0.004384364934688644,0.02383188650237941
5,0.08831383499158908,-0.004384364934688644,0.02383188650237941
5,0.08831383499158908,-0.004384364934688644,0.02383188650237941
5,0.08831383499158908,-0.004384364934688644,0.02383188650237941
5,0.08831383499158908,-0.004384364934688644,0.02383188650237941
5,0.08831383499158908,-0.004384364934688644,0.02383188650237941
5,0.08831383499158908,-0.004384364934688644,0.02383188650237941
5,0.08831383499158908,-0.004384364934688644,0.02383188650237941
5,0.08831383499158908,-0.004384364934688644,0.02383188650237941
6,0.0701864262768135,-0.013029585159991783,0.011352601874734133
6,0.0701864262768135,-0.013029585159991783,0.011352601874734133
6,0.0701864262768135,-0.013029585159991783,0.011352601874734133
6,0.0701864262768135,-0.013029585159991783,0.011352601874734133
6,0.0701864262768135,-0.013029585159991783,0.011352601874734133
6,0.0701864262768135,-0.013029585159991783,0.011352601874734133
6,0.0701864262768135,-0.013029585159991783,0.011352601874734133
6,0.0701864262768135,-0.013029585159991783,0.011352601874734133
6,0.0701864262768135,-0.013029585159991783,0.011352601874734133
6,0.0701864262768135,-0.013029585159991783,0.011352601874734133
6,0.0701864262768135,-0.013029585159991783,0.011352601874734133
6,0.0701864262768135,-0.013029585159991783,0.011352601874734133
6,0.0701864262768135,-0.013029585159991783,0.011352601874734133
6,0.0701864262768135,-0.013029585159991783,0.011352601874734133
6,0.0701864262768135,-0.013029585159991783,0.011352601874734133
6,0.0701864262768135,-0.013029585159991783,0.011352601874734133
6,0.0701864262768135,-0.013029585159991783,0.011352601874734133
6,0.0701864262768135,-0.013029585159991783,0.011352601874734133
6,0.0701864262768135,-0.013029585159991783,0.011352601874734133
6,0.0701864262768135,-0.013029585159991783,0.011352601874734133
6,0.0701864262768135,-0.013029585159991783,0.011352601874734133
6,0.0701864262768135,-0.013029585159991783,0.011352601874734133
6,0.0701864262768135,-0.013029585159991783,0.011352601874734133
6,0.0701864262768135,-0.013029585159991783,0.011352601874734133
6,0.0701864262768135,-0.013029585159991783,0.011352601874734133
6,0.028568964855635984,-0.046650026007753566,-0.006197613407465096
6,0.028568964855635984,-0.046650026007753566,-0.006197613407465096
6,0.028568964855635984,-0.046650026007753566,-0.006197613407465096
6,0.028568964855635984,-0.046650026007753566,-0.006197613407465096
6,0.028568964855635984,-0.046650026007753566,-0.006197613407465096
6,0.028568964855635984,-0.046650026007753566,-0.006197613407465096
6,0.028568964855635984,-0.046650026007753566,-0.006197613407465096
6,0.028568964855635984,-0.046650026007753566,-0.006197613407465096
6,0.028568964855635984,-0.046650026007753566,-0.006197613407465096
6,0.028568964855635984,-0.046650026007753566,-0.006197613407465096
6,0.028568964855635984,-0.046650026007753566,-0.006197613407465096
6,0.028568964855635984,-0.046650026007753566,-0.006197613407465096
6,0.028568964855635984,-0.046650026007753566,-0.006197613407465096
6,0.028568964855635984,-0.046650026007753566,-0.006197613407465096
6,0.028568964855635984,-0.046650026007753566,-0.006197613407465096
6,0.028568964855635984,-0.046650026007753566,-0.006197613407465096
6,0.028568964855635984,-0.046650026007753566,-0.006197613407465096
6,0.028568964855635984,-0.046650026007753566,-0.006197613407465096
6,0.028568964855635984,-0.046650026007753566,-0.006197613407465096
6,0.028568964855635984,-0.046650026007753566,-0.006197613407465096
6,0.028568964855635984,-0.046650026007753566,-0.006197613407465096
6,0.028568964855635984,-0.046650026007753566,-0.006197613407465096
6,0.028568964855635984,-0.046650026007753566,-0.006197613407465096
6,0.028568964855635984,-0.046650026007753566,-0.006197613407465096
6,0.028568964855635984,-0.046650026007753566,-0.006197613407465096
7,0.06897549078971583,-0.009768185961210792,0.006656001800159501
7,0.06897549078971583,-0.009768185961210792,0.006656001800159501
7,0.06897549078971583,-0.009768185961210792,0.006656001800159501
7,0.06897549078971583,-0.009768185961210792,0.006656001800159501
7,0.06897549078971583,-0.009768185961210792,0.006656001800159501
7,0.06897549078971583,-0.009768185961210792,0.006656001800159501
7,0.06897549078971583,-0.009768185961210792,0.006656001800159501
7,0.06897549078971583,-0.009768185961210792,0.006656001800159501
7,0.06897549078971583,-0.009768185961210792,0.006656001800159501
7,0.06897549078971583,-0.009768185961210792,0.006656001800159501
7,0.06897549078971583,-0.009768185961210792,0.006656001800159501
7,0.06897549078971583,-0.009768185961210792,0.006656001800159501
7,0.06897549078971583,-0.009768185961210792,0.006656001800159501
7,0.06897549078971583,-0.009768185961210792,0.006656001800159501
7,0.06897549078971583,-0.009768185961210792,0.006656001800159501
7,0.06897549078971583,-0.009768185961210792,0.006656001800159501
7,0.06897549078971583,-0.009768185961210792,0.006656001800159501
7,0.06897549078971583,-0.009768185961210792,0.006656001800159501
7,0.06897549078971583,-0.009768185961210792,0.006656001800159501
7,0.06897549078971583,-0.009768185961210792,0.006656001800159501
7,0.06897549078971583,-0.009768185961210792,0.006656001800159501
7,0.06897549078971583,-0.009768185961210792,0.006656001800159501
7,0.06897549078971583,-0.009768185961210792,0.006656001800159501
7,0.06897549078971583,-0.009768185961210792,0.006656001800159501
7,0.06897549078971583,-0.009768185961210792,0.006656001800159501
7,0.25568336269771313,-0.024759676569824543,0.013455402474503997
7,0.25568336269771313,-0.024759676569824543,0.013455402474503997
7,0.25568336269771313,-0.024759676569824543,0.013455402474503997
7,0.25568336269771313,-0.024759676569824543,0.013455402474503997
7,0.25568336269771313,-0.024759676569824543,0.013455402474503997
7,0.25568336269771313,-0.024759676569824543,0.013455402474503997
7,0.25568336269771313,-0.024759676569824543,0.013455402474503997
7,0.25568336269771313,-0.024759676569824543,0.013455402474503997
7,0.25568336269771313,-0.024759676569824543,0.013455402474503997
7,0.25568336269771313,-0.024759676569824543,0.013455402474503997
7,0.25568336269771313,-0.024759676569824543,0.013455402474503997
7,0.25568336269771313,-0.024759676569824543,0.013455402474503997
7,0.25568336269771313,-0.024759676569824543,0.013455402474503997
7,0.25568336269771313,-0.024759676569824543,0.013455402474503997
7,0.25568336269771313,-0.024759676569824543,0.013455402474503997
7,0.25568336269771313,-0.024759676569824543,0.013455402474503997
7,0.25568336269771313,-0.024759676569824543,0.013455402474503997
7,0.25568336269771313,-0.024759676569824543,0.013455402474503997
7,0.25568336269771313,-0.024759676569824543,0.013455402474503997
7,0.25568336269771313,-0.024759676569824543,0.013455402474503997
7,0.25568336269771313,-0.024759676569824543,0.013455402474503997
7,0.25568336269771313,-0.024759676569824543,0.013455402474503997
7,0.25568336269771313,-0.024759676569824543,0.013455402474503997
7,0.25568336269771313,-0.024759676569824543,0.013455402474503997
7,0.25568336269771313,-0.024759676569824543,0.013455402474503997
8,0.18258831619773058,0.0810015999332878,0.012150676208653736
8,0.18258831619773058,0.0810015999332878,0.012150676208653736
8,0.18258831619773058,0.0810015999332878,0.012150676208653736
8,0.18258831619773058,0.0810015999332878,0.012150676208653736
8,0.18258831619773058,0.0810015999332878,0.012150676208653736
8,0.18258831619773058,0.0810015999332878,0.012150676208653736
8,0.18258831619773058,0.0810015999332878,0.012150676208653736
8,0.18258831619773058,0.0810015999332878,0.012150676208653736
8,0.18258831619773058,0.0810015999332878,0.012150676208653736
8,0.18258831619773058,0.0810015999332878,0.012150676208653736
8,0.18258831619773058,0.0810015999332878,0.012150676208653736
8,0.18258831619773058,0.0810015999332878,0.012150676208653736
8,0.18258831619773058,0.0810015999332878,0.012150676208653736
8,0.18258831619773058,0.0810015999332878,0.012150676208653736
8,0.18258831619773058,0.0810015999332878,0.012150676208653736
8,0.18258831619773058,0.0810015999332878,0.012150676208653736
8,0.18258831619773058,0.0810015999332878,0.012150676208653736
8,0.18258831619773058,0.0810015999332878,0.012150676208653736
8,0.18258831619773058,0.0810015999332878,0.012150676208653736
8,0.18258831619773058,0.0810015999332878,0.012150676208653736
8,0.18258831619773058,0.0810015999332878,0.012150676208653736
8,0.18258831619773058,0.0810015999332878,0.012150676208653736
8,0.18258831619773058,0.0810015999332878,0.012150676208653736
8,0.18258831619773058,0.0810015999332878,0.012150676208653736
8,0.18258831619773058,0.0810015999332878,0.012150676208653736
8,0.33176276751578976,-0.027373142980260286,0.02163655833877843
8,0.33176276751578976,-0.027373142980260286,0.02163655833877843
8,0.33176276751578976,-0.027373142980260286,0.02163655833877843
8,0.33176276751578976,-0.027373142980260286,0.02163655833877843
8,0.33176276751578976,-0.027373142980260286,0.02163655833877843
8,0.33176276751578976,-0.027373142980260286,0.02163655833877843
8,0.33176276751578976,-0.027373142980260286,0.02163655833877843
8,0.33176276751578976,-0.027373142980260286,0.02163655833877843
8,0.33176276751578976,-0.027373142980260286,0.02163655833877843
8,0.33176276751578976,-0.027373142980260286,0.02163655833877843
8,0.33176276751578976,-0.027373142980260286,0.02163655833877843
8,0.33176276751578976,-0.027373142980260286,0.02163655833877843
8,0.33176276751578976,-0.027373142980260286,0.02163655833877843
8,0.33176276751578976,-0.027373142980260286,0.02163655833877843
8,0.33176276751578976,-0.027373142980260286,0.02163655833877843
8,0.33176276751578976,-0.027373142980260286,0.02163655833877843
8,0.33176276751578976,-0.027373142980260286,0.02163655833877843
8,0.33176276751578976,-0.027373142980260286,0.02163655833877843
8,0.33176276751578976,-0.027373142980260286,0.02163655833877843
8,0.33176276751578976,-0.027373142980260286,0.02163655833877843
8,0.33176276751578976,-0.027373142980260286,0.02163655833877843
8,0.33176276751578976,-0.027373142980260286,0.02163655833877843
8,0.33176276751578976,-0.027373142980260286,0.02163655833877843
8,0.33176276751578976,-0.027373142980260286,0.02163655833877843
8,0.33176276751578976,-0.027373142980260286,0.02163655833877843
9,0.06441266117203147,-0.013153591764491771,0.006623853424214902
9,0.06441266117203147,-0.013153591764491771,0.006623853424214902
9,0.06441266117203147,-0.013153591764491771,0.006623853424214902
9,0.06441266117203147,-0.013153591764491771,0.006623853424214902
9,0.06441266117203147,-0.013153591764491771,0.006623853424214902
9,0.06441266117203147,-0.013153591764491771,0.006623853424214902
9,0.06441266117203147,-0.013153591764491771,0.006623853424214902
9,0.06441266117203147,-0.013153591764491771,0.006623853424214902
9,0.06441266117203147,-0.013153591764491771,0.006623853424214902
9,0.06441266117203147,-0.013153591764491771,0.006623853424214902
9,0.06441266117203147,-0.013153591764491771,0.006623853424214902
9,0.06441266117203147,-0.013153591764491771,0.006623853424214902
9,0.06441266117203147,-0.013153591764491771,0.006623853424214902
9,0.06441266117203147,-0.013153591764491771,0.006623853424214902
9,0.06441266117203147,-0.013153591764491771,0.006623853424214902
9,0.06441266117203147,-0.013153591764491771,0.006623853424214902
9,0.06441266117203147,-0.013153591764491771,0.006623853424214902
9,0.06441266117203147,-0.013153591764491771,0.006623853424214902
9,0.06441266117203147,-0.013153591764491771,0.006623853424214902
9,0.06441266117203147,-0.013153591764491771,0.006623853424214902
9,0.06441266117203147,-0.013153591764491771,0.006623853424214902
9,0.06441266117203147,-0.013153591764491771,0.006623853424214902
9,0.06441266117203147,-0.013153591764491771,0.006623853424214902
9,0.06441266117203147,-0.013153591764491771,0.006623853424214902
9,0.06441266117203147,-0.013153591764491771,0.006623853424214902
9,0.23490410372433423,-0.05423305160869948,0.004048955221538934
9,0.23490410372433423,-0.05423305160869948,0.004048955221538934
9,0.23490410372433423,-0.05423305160869948,0.004048955221538934
9,0.23490410372433423,-0.05423305160869948,0.004048955221538934
9,0.23490410372433423,-0.05423305160869948,0.004048955221538934
9,0.23490410372433423,-0.05423305160869948,0.004048955221538934
9,0.23490410372433423,-0.05423305160869948,0.004048955221538934
9,0.23490410372433423,-0.05423305160869948,0.004048955221538934
9,0.23490410372433423,-0.05423305160869948,0.004048955221538934
9,0.23490410372433423,-0.05423305160869948,0.004048955221538934
9,0.23490410372433423,-0.05423305160869948,0.004048955221538934
9,0.23490410372433423,-0.05423305160869948,0.004048955221538934
9,0.23490410372433423,-0.05423305160869948,0.004048955221538934
9,0.23490410372433423,-0.05423305160869948,0.004048955221538934
9,0.23490410372433423,-0.05423305160869948,0.004048955221538934
9,0.23490410372433423,-0.05423305160869948,0.004048955221538934
9,0.23490410372433423,-0.05423305160869948,0.004048955221538934
9,0.23490410372433423,-0.05423305160869948,0.004048955221538934
9,0.23490410372433423,-0.05423305160869948,0.004048955221538934
9,0.23490410372433423,-0.05423305160869948,0.004048955221538934
9,0.23490410372433423,-0.05423305160869948,0.004048955221538934
9,0.23490410372433423,-0.05423305160869948,0.004048955221538934
9,0.23490410372433423,-0.05423305160869948,0.004048955221538934
9,0.23490410372433423,-0.05423305160869948,0.004048955221538934
9,0.23490410372433423,-0.05423305160869948,0.004048955221538934
10,0.5709729344932349,0.4797024436357378,0.12309741980787803
10,0.5709729344932349,0.4797024436357378,0.12309741980787803
10,0.5709729344932349,0.4797024436357378,0.12309741980787803
10,0.5709729344932349,0.4797024436357378,0.12309741980787803
10,0.5709729344932349,0.4797024436357378,0.12309741980787803
10,0.5709729344932349,0.4797024436357378,0.12309741980787803
10,0.5709729344932349,0.4797024436357378,0.12309741980787803
10,0.5709729344932349,0.4797024436357378,0.12309741980787803
10,0.5709729344932349,0.4797024436357378,0.12309741980787803
10,0.5709729344932349,0.4797024436357378,0.12309741980787803
10,0.5709729344932349,0.4797024436357378,0.12309741980787803
10,0.5709729344932349,0.4797024436357378,0.12309741980787803
10,0.5709729344932349,0.4797024436357378,0.12309741980787803
10,0.5709729344932349,0.4797024436357378,0.12309741980787803
10,0.5709729344932349,0.4797024436357378,0.12309741980787803
10,0.5709729344932349,0.4797024436357378,0.12309741980787803
10,0.5709729344932349,0.4797024436357378,0.12309741980787803
10,0.5709729344932349,0.4797024436357378,0.12309741980787803
10,0.5709729344932349,0.4797024436357378,0.12309741980787803
10,0.5709729344932349,0.4797024436357378,0.12309741980787803
10,0.5709729344932349,0.4797024436357378,0.12309741980787803
10,0.5709729344932349,0.4797024436357378,0.12309741980787803
10,0.5709729344932349,0.4797024436357378,0.12309741980787803
10,0.5709729344932349,0.4797024436357378,0.12309741980787803
10,0.5709729344932349,0.4797024436357378,0.12309741980787803
10,0.35006901258816303,0.06417244795271888,0.002660965292436882
10,0.35006901258816303,0.06417244795271888,0.002660965292436882
10,0.35006901258816303,0.06417244795271888,0.002660965292436882
10,0.35006901258816303,0.06417244795271888,0.002660965292436882
10,0.35006901258816303,0.06417244795271888,0.002660965292436882
10,0.35006901258816303,0.06417244795271888,0.002660965292436882
10,0.35006901258816303,0.06417244795271888,0.002660965292436882
10,0.35006901258816303,0.06417244795271888,0.002660965292436882
10,0.35006901258816303,0.06417244795271888,0.002660965292436882
10,0.35006901258816303,0.06417244795271888,0.002660965292436882
10,0.35006901258816303,0.06417244795271888,0.002660965292436882
10,0.35006901258816303,0.06417244795271888,0.002660965292436882
10,0.35006901258816303,0.06417244795271888,0.002660965292436882
10,0.35006901258816303,0.06417244795271888,0.002660965292436882
10,0.35006901258816303,0.06417244795271888,0.002660965292436882
10,0.35006901258816303,0.06417244795271888,0.002660965292436882
10,0.35006901258816303,0.06417244795271888,0.002660965292436882
10,0.35006901258816303,0.06417244795271888,0.002660965292436882
10,0.35006901258816303,0.06417244795271888,0.002660965292436882
10,0.35006901258816303,0.06417244795271888,0.002660965292436882
10,0.35006901258816303,0.06417244795271888,0.002660965292436882
10,0.35006901258816303,0.06417244795271888,0.002660965292436882
10,0.35006901258816303,0.06417244795271888,0.002660965292436882
10,0.35006901258816303,0.06417244795271888,0.002660965292436882
10,0.35006901258816303,0.06417244795271888,0.002660965292436882
11,0.20461282514706244,-0.01550431510366915,-0.013204776731030604
11,0.20461282514706244,-0.01550431510366915,-0.013204776731030604
11,0.20461282514706244,-0.01550431510366915,-0.013204776731030604
11,0.20461282514706244,-0.01550431510366915,-0.013204776731030604
11,0.20461282514706244,-0.01550431510366915,-0.013204776731030604
11,0.20461282514706244,-0.01550431510366915,-0.013204776731030604
11,0.20461282514706244,-0.01550431510366915,-0.013204776731030604
11,0.20461282514706244,-0.01550431510366915,-0.013204776731030604
11,0.20461282514706244,-0.01550431510366915,-0.013204776731030604
11,0.20461282514706244,-0.01550431510366915,-0.013204776731030604
11,0.20461282514706244,-0.01550431510366915,-0.013204776731030604
11,0.20461282514706244,-0.01550431510366915,-0.013204776731030604
11,0.20461282514706244,-0.01550431510366915,-0.013204776731030604
11,0.20461282514706244,-0.01550431510366915,-0.013204776731030604
11,0.20461282514706244,-0.01550431510366915,-0.013204776731030604
11,0.20461282514706244,-0.01550431510366915,-0.013204776731030604
11,0.20461282514706244,-0.01550431510366915,-0.013204776731030604
11,0.20461282514706244,-0.01550431510366915,-0.013204776731030604
11,0.20461282514706244,-0.01550431510366915,-0.013204776731030604
11,0.20461282514706244,-0.01550431510366915,-0.013204776731030604
11,0.20461282514706244,-0.01550431510366915,-0.013204776731030604
11,0.20461282514706244,-0.01550431510366915,-0.013204776731030604
11,0.20461282514706244,-0.01550431510366915,-0.013204776731030604
11,0.20461282514706244,-0.01550431510366915,-0.013204776731030604
11,0.20461282514706244,-0.01550431510366915,-0.013204776731030604
11,0.16590311923570497,-0.04102251280002372,-0.008202050391307777
11,0.16590311923570497,-0.04102251280002372,-0.008202050391307777
11,0.16590311923570497,-0.04102251280002372,-0.008202050391307777
11,0.16590311923570497,-0.04102251280002372,-0.008202050391307777
11,0.16590311923570497,-0.04102251280002372,-0.008202050391307777
11,0.16590311923570497,-0.04102251280002372,-0.008202050391307777
11,0.16590311923570497,-0.04102251280002372,-0.008202050391307777
11,0.16590311923570497,-0.04102251280002372,-0.008202050391307777
11,0.16590311923570497,-0.04102251280002372,-0.008202050391307777
11,0.16590311923570497,-0.04102251280002372,-0.008202050391307777
11,0.16590311923570497,-0.04102251280002372,-0.008202050391307777
11,0.16590311923570497,-0.04102251280002372,-0.008202050391307777
11,0.16590311923570497,-0.04102251280002372,-0.008202050391307777
11,0.16590311923570497,-0.04102251280002372,-0.008202050391307777
11,0.16590311923570497,-0.04102251280002372,-0.008202050391307777
11,0.16590311923570497,-0.04102251280002372,-0.008202050391307777
11,0.16590311923570497,-0.04102251280002372,-0.008202050391307777
11,0.16590311923570497,-0.04102251280002372,-0.008202050391307777
11,0.16590311923570497,-0.04102251280002372,-0.008202050391307777
11,0.16590311923570497,-0.04102251280002372,-0.008202050391307777
11,0.16590311923570497,-0.04102251280002372,-0.008202050391307777
11,0.16590311923570497,-0.04102251280002372,-0.008202050391307777
11,0.16590311923570497,-0.04102251280002372,-0.008202050391307777
11,0.16590311923570497,-0.04102251280002372,-0.008202050391307777
11,0.16590311923570497,-0.04102251280002372,-0.008202050391307777
12,0.19247578749115846,-0.04781441286724587,0.004175450287733794
12,0.19247578749115846,-0.04781441286724587,0.004175450287733794
12,0.19247578749115846,-0.04781441286724587,0.004175450287733794
12,0.19247578749115846,-0.04781441286724587,0.004175450287733794
12,0.19247578749115846,-0.04781441286724587,0.004175450287733794
12,0.19247578749115846,-0.04781441286724587,0.004175450287733794
12,0.19247578749115846,-0.04781441286724587,0.004175450287733794
12,0.19247578749115846,-0.04781441286724587,0.004175450287733794
12,0.19247578749115846,-0.04781441286724587,0.004175450287733794
12,0.19247578749115846,-0.04781441286724587,0.004175450287733794
12,0.19247578749115846,-0.04781441286724587,0.004175450287733794
12,0.19247578749115846,-0.04781441286724587,0.004175450287733794
12,0.19247578749115846,-0.04781441286724587,0.004175450287733794
12,0.19247578749115846,-0.04781441286724587,0.004175450287733794
12,0.19247578749115846,-0.04781441286724587,0.004175450287733794
12,0.19247578749115846,-0.04781441286724587,0.004175450287733794
12,0.19247578749115846,-0.04781441286724587,0.004175450287733794
12,0.19247578749115846,-0.04781441286724587,0.004175450287733794
12,0.19247578749115846,-0.04781441286724587,0.004175450287733794
12,0.19247578749115846,-0.04781441286724587,0.004175450287733794
12,0.19247578749115846,-0.04781441286724587,0.004175450287733794
12,0.19247578749115846,-0.04781441286724587,0.004175450287733794
12,0.19247578749115846,-0.04781441286724587,0.004175450287733794
12,0.19247578749115846,-0.04781441286724587,0.004175450287733794
12,0.19247578749115846,-0.04781441286724587,0.004175450287733794
12,0.09722860805684413,-0.11488166193605001,-0.004261499441820044
12,0.09722860805684413,-0.11488166193605001,-0.004261499441820044
12,0.09722860805684413,-0.11488166193605001,-0.004261499441820044
12,0.09722860805684413,-0.11488166193605001,-0.004261499441820044
12,0.09722860805684413,-0.11488166193605001,-0.004261499441820044
12,0.09722860805684413,-0.11488166193605001,-0.004261499441820044
12,0.09722860805684413,-0.11488166193605001,-0.004261499441820044
12,0.09722860805684413,-0.11488166193605001,-0.004261499441820044
12,0.09722860805684413,-0.11488166193605001,-0.004261499441820044
12,0.09722860805684413,-0.11488166193605001,-0.004261499441820044
12,0.09722860805684413,-0.11488166193605001,-0.004261499441820044
12,0.09722860805684413,-0.11488166193605001,-0.004261499441820044
12,0.09722860805684413,-0.11488166193605001,-0.004261499441820044
12,0.09722860805684413,-0.11488166193605001,-0.004261499441820044
12,0.09722860805684413,-0.11488166193605001,-0.004261499441820044
12,0.09722860805684413,-0.11488166193605001,-0.004261499441820044
12,0.09722860805684413,-0.11488166193605001,-0.004261499441820044
12,0.09722860805684413,-0.11488166193605001,-0.004261499441820044
12,0.09722860805684413,-0.11488166193605001,-0.004261499441820044
12,0.09722860805684413,-0.11488166193605001,-0.004261499441820044
12,0.09722860805684413,-0.11488166193605001,-0.004261499441820044
12,0.09722860805684413,-0.11488166193605001,-0.004261499441820044
12,0.09722860805684413,-0.11488166193605001,-0.004261499441820044
12,0.09722860805684413,-0.11488166193605001,-0.004261499441820044
12,0.09722860805684413,-0.11488166193605001,-0.004261499441820044
13,0.1708628425388603,0.01718882606671227,0.007595654394616263
13,0.1708628425388603,0.01718882606671227,0.007595654394616263
13,0.1708628425388603,0.01718882606671227,0.007595654394616263
13,0.1708628425388603,0.01718882606671227,0.007595654394616263
13,0.1708628425388603,0.01718882606671227,0.007595654394616263
13,0.1708628425388603,0.01718882606671227,0.007595654394616263
13,0.1708628425388603,0.01718882606671227,0.007595654394616263
13,0.1708628425388603,0.01718882606671227,0.007595654394616263
13,0.1708628425388603,0.01718882606671227,0.007595654394616263
13,0.1708628425388603,0.01718882606671227,0.007595654394616263
13,0.1708628425388603,0.01718882606671227,0.007595654394616263
13,0.1708628425388603,0.01718882606671227,0.007595654394616263
13,0.1708628425388603,0.01718882606671227,0.007595654394616263
13,0.1708628425388603,0.01718882606671227,0.007595654394616263
13,0.1708628425388603,0.01718882606671227,0.007595654394616263
13,0.1708628425388603,0.01718882606671227,0.007595654394616263
13,0.1708628425388603,0.01718882606671227,0.007595654394616263
13,0.1708628425388603,0.01718882606671227,0.007595654394616263
13,0.1708628425388603,0.01718882606671227,0.007595654394616263
13,0.1708628425388603,0.01718882606671227,0.007595654394616263
13,0.1708628425388603,0.01718882606671227,0.007595654394616263
13,0.1708628425388603,0.01718882606671227,0.007595654394616263
13,0.1708628425388603,0.01718882606671227,0.007595654394616263
13,0.1708628425388603,0.01718882606671227,0.007595654394616263
13,0.1708628425388603,0.01718882606671227,0.007595654394616263
13,0.1623772542171272,0.017922205263512365,0.005466587737892335
13,0.1623772542171272,0.017922205263512365,0.005466587737892335
13,0.1623772542171272,0.017922205263512365,0.005466587737892335
13,0.1623772542171272,0.017922205263512365,0.005466587737892335
13,0.1623772542171272,0.017922205263512365,0.005466587737892335
13,0.1623772542171272,0.017922205263512365,0.005466587737892335
13,0.1623772542171272,0.017922205263512365,0.005466587737892335
13,0.1623772542171272,0.017922205263512365,0.005466587737892335
13,0.1623772542171272,0.017922205263512365,0.005466587737892335
13,0.1623772542171272,0.017922205263512365,0.005466587737892335
13,0.1623772542171272,0.017922205263512365,0.005466587737892335
13,0.1623772542171272,0.017922205263512365,0.005466587737892335
13,0.1623772542171272,0.017922205263512365,0.005466587737892335
13,0.1623772542171272,0.017922205263512365,0.005466587737892335
13,0.1623772542171272,0.017922205263512365,0.005466587737892335
13,0.1623772542171272,0.017922205263512365,0.005466587737892335
13,0.1623772542171272,0.017922205263512365,0.005466587737892335
13,0.1623772542171272,0.017922205263512365,0.005466587737892335
13,0.1623772542171272,0.017922205263512365,0.005466587737892335
13,0.1623772542171272,0.017922205263512365,0.005466587737892335
13,0.1623772542171272,0.017922205263512365,0.005466587737892335
13,0.1623772542171272,0.017922205263512365,0.005466587737892335
13,0.1623772542171272,0.017922205263512365,0.005466587737892335
13,0.1623772542171272,0.017922205263512365,0.005466587737892335
13,0.1623772542171272,0.017922205263512365,0.005466587737892335
14,0.320790643706042,-0.002068332644363828,0.0416319701060894
14,0.320790643706042,-0.002068332644363828,0.0416319701060894
14,0.320790643706042,-0.002068332644363828,0.0416319701060894
14,0.320790643706042,-0.002068332644363828,0.0416319701060894
14,0.320790643706042,-0.002068332644363828,0.0416319701060894
14,0.320790643706042,-0.002068332644363828,0.0416319701060894
14,0.320790643706042,-0.002068332644363828,0.0416319701060894
14,0.320790643706042,-0.002068332644363828,0.0416319701060894
14,0.320790643706042,-0.002068332644363828,0.0416319701060894
14,0.320790643706042,-0.002068332644363828,0.0416319701060894
14,0.320790643706042,-0.002068332644363828,0.0416319701060894
14,0.320790643706042,-0.002068332644363828,0.0416319701060894
14,0.320790643706042,-0.002068332644363828,0.0416319701060894
14,0.320790643706042,-0.002068332644363828,0.0416319701060894
14,0.320790643706042,-0.002068332644363828,0.0416319701060894
14,0.320790643706042,-0.002068332644363828,0.0416319701060894
14,0.320790643706042,-0.002068332644363828,0.0416319701060894
14,0.320790643706042,-0.002068332644363828,0.0416319701060894
14,0.320790643706042,-0.002068332644363828,0.0416319701060894
14,0.320790643706042,-0.002068332644363828,0.0416319701060894
14,0.320790643706042,-0.002068332644363828,0.0416319701060894
14,0.320790643706042,-0.002068332644363828,0.0416319701060894
14,0.320790643706042,-0.002068332644363828,0.0416319701060894
14,0.320790643706042,-0.002068332644363828,0.0416319701060894
14,0.320790643706042,-0.002068332644363828,0.0416319701060894
14,0.38081012662913105,0.393962656970814,0.05561378720793929
14,0.38081012662913105,0.393962656970814,0.05561378720793929
14,0.38081012662913105,0.393962656970814,0.05561378720793929
14,0.38081012662913105,0.393962656970814,0.05561378720793929
14,0.38081012662913105,0.393962656970814,0.05561378720793929
14,0.38081012662913105,0.393962656970814,0.05561378720793929
14,0.38081012662913105,0.393962656970814,0.05561378720793929
14,0.38081012662913105,0.393962656970814,0.05561378720793929
14,0.38081012662913105,0.393962656970814,0.05561378720793929
14,0.38081012662913105,0.393962656970814,0.05561378720793929
14,0.38081012662913105,0.393962656970814,0.05561378720793929
14,0.38081012662913105,0.393962656970814,0.05561378720793929
14,0.38081012662913105,0.393962656970814,0.05561378720793929
14,0.38081012662913105,0.393962656970814,0.05561378720793929
14,0.38081012662913105,0.393962656970814,0.05561378720793929
14,0.38081012662913105,0.393962656970814,0.05561378720793929
14,0.38081012662913105,0.393962656970814,0.05561378720793929
14,0.38081012662913105,0.393962656970814,0.05561378720793929
14,0.38081012662913105,0.393962656970814,0.05561378720793929
14,0.38081012662913105,0.393962656970814,0.05561378720793929
14,0.38081012662913105,0.393962656970814,0.05561378720793929
14,0.38081012662913105,0.393962656970814,0.05561378720793929
14,0.38081012662913105,0.393962656970814,0.05561378720793929
14,0.38081012662913105,0.393962656970814,0.05561378720793929
14,0.38081012662913105,0.393962656970814,0.05561378720793929
15,0.8843996174028609,0.7318696510600546,0.12629936620435353
15,0.8843996174028609,0.7318696510600546,0.12629936620435353
15,0.8843996174028609,0.7318696510600546,0.12629936620435353
15,0.8843996174028609,0.7318696510600546,0.12629936620435353
15,0.8843996174028609,0.7318696510600546,0.12629936620435353
15,0.8843996174028609,0.7318696510600546,0.12629936620435353
15,0.8843996174028609,0.7318696510600546,0.12629936620435353
15,0.8843996174028609,0.7318696510600546,0.12629936620435353
15,0.8843996174028609,0.7318696510600546,0.12629936620435353
15,0.8843996174028609,0.7318696510600546,0.12629936620435353
15,0.8843996174028609,0.7318696510600546,0.12629936620435353
15,0.8843996174028609,0.7318696510600546,0.12629936620435353
15,0.8843996174028609,0.7318696510600546,0.12629936620435353
15,0.8843996174028609,0.7318696510600546,0.12629936620435353
15,0.8843996174028609,0.7318696510600546,0.12629936620435353
15,0.8843996174028609,0.7318696510600546,0.12629936620435353
15,0.8843996174028609,0.7318696510600546,0.12629936620435353
15,0.8843996174028609,0.7318696510600546,0.12629936620435353
15,0.8843996174028609,0.7318696510600546,0.12629936620435353
15,0.8843996174028609,0.7318696510600546,0.12629936620435353
15,0.8843996174028609,0.7318696510600546,0.12629936620435353
15,0.8843996174028609,0.7318696510600546,0.12629936620435353
15,0.8843996174028609,0.7318696510600546,0.12629936620435353
15,0.8843996174028609,0.7318696510600546,0.12629936620435353
15,0.8843996174028609,0.7318696510600546,0.12629936620435353
15,0.3718985672067568,-0.012477313925698121,0.030268851573782795
15,0.3718985672067568,-0.012477313925698121,0.030268851573782795
15,0.3718985672067568,-0.012477313925698121,0.030268851573782795
15,0.3718985672067568,-0.012477313925698121,0.030268851573782795
15,0.3718985672067568,-0.012477313925698121,0.030268851573782795
15,0.3718985672067568,-0.012477313925698121,0.030268851573782795
15,0.3718985672067568,-0.012477313925698121,0.030268851573782795
15,0.3718985672067568,-0.012477313925698121,0.030268851573782795
15,0.3718985672067568,-0.012477313925698121,0.030268851573782795
15,0.3718985672067568,-0.012477313925698121,0.030268851573782795
15,0.3718985672067568,-0.012477313925698121,0.030268851573782795
15,0.3718985672067568,-0.012477313925698121,0.030268851573782795
15,0.3718985672067568,-0.012477313925698121,0.030268851573782795
15,0.3718985672067568,-0.012477313925698121,0.030268851573782795
15,0.3718985672067568,-0.012477313925698121,0.030268851573782795
15,0.3718985672067568,-0.012477313925698121,0.030268851573782795
15,0.3718985672067568,-0.012477313925698121,0.030268851573782795
15,0.3718985672067568,-0.012477313925698121,0.030268851573782795
15,0.3718985672067568,-0.012477313925698121,0.030268851573782795
15,0.3718985672067568,-0.012477313925698121,0.030268851573782795
15,0.3718985672067568,-0.012477313925698121,0.030268851573782795
15,0.3718985672067568,-0.012477313925698121,0.030268851573782795
15,0.3718985672067568,-0.012477313925698121,0.030268851573782795
15,0.3718985672067568,-0.012477313925698121,0.030268851573782795
15,0.3718985672067568,-0.012477313925698121,0.030268851573782795
