point,INTP,COS0,SIN0,estimate,z,date,prob_increase,prob_no_change,prob_decrease
0,0.0879322335312113,-0.0094781841200212,0.0160324191319019,0.1039496229455105,0.0,1654214400000.0,0.1,0.7999999999999999,0.1
0,0.0879322335312113,-0.0094781841200212,0.0160324191319019,0.1032583038412724,0.0,1654560000000.0,0.1,0.7999999999999999,0.1
0,0.0879322335312113,-0.0094781841200212,0.0160324191319019,0.102494449181548,0.0,1654905600000.0,0.1,0.7999999999999999,0.1
0,0.0879322335312113,-0.0094781841200212,0.0160324191319019,0.1016616741541146,0.0,1655251200000.0,0.1,0.7999999999999999,0.1
0,0.0879322335312113,-0.0094781841200212,0.0160324191319019,0.1007639201345487,0.0,1655596800000.0,0.1,0.7999999999999999,0.1
0,0.0879322335312113,-0.0094781841200212,0.0160324191319019,0.0998054360324003,0.0,1655942400000.0,0.1,0.7999999999999999,0.1
0,0.0879931432396885,-0.0096099984490869,0.0160497260557763,0.0989844961727419,0.0991450026631355,1656288000000.0,0.0577083333333333,0.8845833333333332,0.0577083333333333
0,0.0879931432396885,-0.0096099984490869,0.0160497260557763,0.0979177285280781,0.0,1656633600000.0,0.0577083333333333,0.8845833333333332,0.0577083333333333
0,0.0879931432396885,-0.0096099984490869,0.0160497260557763,0.0968039895925157,0.0,1656979200000.0,0.0577083333333333,0.8845833333333332,0.0577083333333333
0,0.0879931432396885,-0.0096099984490869,0.0160497260557763,0.0956485504936645,0.0,1657324800000.0,0.0577083333333333,0.8845833333333332,0.0577083333333333
0,0.0876627475719153,-0.0089307885658581,0.0165369879231518,0.0933686300795434,0.0914449989795684,1657670400000.0,0.0463929213049245,0.9072141573901508,0.0463929213049245
0,0.0876627475719153,-0.0089307885658581,0.0165369879231518,0.0921239101713007,0.0,1658016000000.0,0.0463929213049245,0.9072141573901508,0.0463929213049245
0,0.0881307137507304,-0.0097611738237848,0.0153313268229902,0.0924973451378662,0.0964225009083747,1658361600000.0,0.0436349237415436,0.9127301525169126,0.0436349237415436
0,0.0881307137507304,-0.0097611738237848,0.0153313268229902,0.0912739960570446,0.0,1658707200000.0,0.0436349237415436,0.9127301525169126,0.0436349237415436
0,0.0880388480983037,-0.0096412136047827,0.0156754964536073,0.0896831248404121,0.0886674970388412,1659052800000.0,0.0429783334510541,0.9140433330978917,0.0429783334510541
0,0.0880388480983037,-0.0096412136047827,0.0156754964536073,0.0884189928704879,0.0,1659398400000.0,0.0429783334510541,0.9140433330978917,0.0429783334510541
0,0.0879015840084384,-0.0095486486678795,0.016327550163259,0.0865714355427161,0.0847899988293647,1659744000000.0,0.0428229018322208,0.9143541963355584,0.0428229018322208
0,0.0879015840084384,-0.0095486486678795,0.016327550163259,0.085277327129653,0.0,1660089600000.0,0.0428229018322208,0.9143541963355584,0.0428229018322208
0,0.0879943747327345,-0.0095448060210317,0.01582904394023,0.0844206823968638,0.0857250019907951,1660435200000.0,0.0427861565395771,0.9144276869208458,0.0427861565395771
0,0.0879943747327345,-0.0095448060210317,0.01582904394023,0.0831822474365377,0.0,1660780800000.0,0.0427861565395771,0.9144276869208458,0.0427861565395771
0,0.087945225308186,-0.0095806326652408,0.0160990223481254,0.0817332227824187,0.0809675008058548,1661126400000.0,0.0427774724107989,0.914445055178402,0.0427774724107989
0,0.087945225308186,-0.0095806326652408,0.0160990223481254,0.0805327355571011,0.0,1661472000000.0,0.0427774724107989,0.914445055178402,0.0427774724107989
0,0.087945225308186,-0.0095806326652408,0.0160990223481254,0.0793673303228455,0.0,1661817600000.0,0.0427774724107989,0.914445055178402,0.0427774724107989
0,0.087945225308186,-0.0095806326652408,0.0160990223481254,0.0782425227346317,0.0,1662163200000.0,0.0427774724107989,0.914445055178402,0.0427774724107989
0,0.0879676344824014,-0.0095432762732285,0.0159908370699184,0.0772695362947803,0.0775299966335296,1662508800000.0,0.0427754202176664,0.9144491595646672,0.0427754202176664
0,0.0879676344824014,-0.0095432762732285,0.0159908370699184,0.0762468622286126,0.0,1662854400000.0,0.0427754202176664,0.9144491595646672,0.0427754202176664
0,0.0879676344824014,-0.0095432762732285,0.0159908370699184,0.104063076519748,0.0,1685750400000.0,0.0427754202176664,0.9144491595646672,0.0427754202176664
0,0.0871430557071861,-0.0087526098740481,0.0139496750854151,0.1009763426331022,0.0959824994206428,1686096000000.0,0.0427749352614754,0.9144501294770492,0.0427749352614754
0,0.0871430557071861,-0.0087526098740481,0.0139496750854151,0.1003292542185364,0.0,1686441600000.0,0.0427749352614754,0.9144501294770492,0.0427749352614754
0,0.0871430557071861,-0.0087526098740481,0.0139496750854151,0.0996197578797982,0.0,1686787200000.0,0.0427749352614754,0.9144501294770492,0.0427749352614754
0,0.0871430557071861,-0.0087526098740481,0.0139496750854151,0.0988512115364327,0.0,1687132800000.0,0.0427749352614754,0.9144501294770492,0.0427749352614754
0,0.0867053168485132,-0.0079937796119268,0.0128984643174691,0.0966713473757468,0.0907574966549873,1687478400000.0,0.0427748206613832,0.9144503586772336,0.0427748206613832
0,0.0867053168485132,-0.0079937796119268,0.0128984643174691,0.0958609818808842,0.0,1687824000000.0,0.0427748206613832,0.9144503586772336,0.0427748206613832
0,0.0866652046283078,-0.0079063606898368,0.0128211256229782,0.0948779166766413,0.0940575003623962,1688169600000.0,0.0427747935802398,0.9144504128395202,0.0427747935802398
0,0.0866652046283078,-0.0079063606898368,0.0128211256229782,0.0939903097131324,0.0,1688515200000.0,0.0427747935802398,0.9144504128395202,0.0427747935802398
0,0.0866652046283078,-0.0079063606898368,0.0128211256229782,0.0930680343345914,0.0,1688860800000.0,0.0427747935802398,0.9144504128395202,0.0427747935802398
0,0.0866652046283078,-0.0079063606898368,0.0128211256229782,0.0921154555057832,0.0,1689206400000.0,0.0427747935802398,0.9144504128395202,0.0427747935802398
0,0.08649193934583,-0.0074208206025812,0.0128859324306815,0.09047740393909,0.0848724991083145,1689552000000.0,0.0427747871806974,0.9144504256386052,0.0427747871806974
0,0.08649193934583,-0.0074208206025812,0.0128859324306815,0.0894829972109202,0.0,1689897600000.0,0.0427747871806974,0.9144504256386052,0.0427747871806974
0,0.0864164766195711,-0.0072550951547434,0.013025046722928,0.0881928813173287,0.0856700018048286,1690243200000.0,0.0427747856684222,0.9144504286631556,0.0427747856684222
0,0.0864164766195711,-0.0072550951547434,0.013025046722928,0.0871708915228942,0.0,1690588800000.0,0.0427747856684222,0.9144504286631556,0.0427747856684222
0,0.0861377839889598,-0.0069036277694896,0.0137892512240765,0.0851787989995369,0.0768975019454956,1690934400000.0,0.0427747853110566,0.9144504293778866,0.0427747853110566
0,0.0861377839889598,-0.0069036277694896,0.0137892512240765,0.0841228611086014,0.0,1691280000000.0,0.0427747853110566,0.9144504293778866,0.0427747853110566
0,0.0858427579598367,-0.0067886492740085,0.0146654841000205,0.0821508767491002,0.0749175027012825,1691625600000.0,0.0427747852266076,0.9144504295467848,0.0427747852266076
0,0.0858427579598367,-0.0067886492740085,0.0146654841000205,0.0810778833687113,0.0,1691971200000.0,0.0427747852266076,0.9144504295467848,0.0427747852266076
0,0.0860905813855399,-0.0067271700106766,0.0139758714957292,0.0807279858462365,0.0855875015258789,1692316800000.0,0.0427747852066515,0.9144504295866968,0.0427747852066515
0,0.0860905813855399,-0.0067271700106766,0.0139758714957292,0.0797400105283442,0.0,1692662400000.0,0.0427747852066515,0.9144504295866968,0.0427747852066515
0,0.0859591935036157,-0.0068145517240725,0.0142941254687912,0.0784454248530292,0.0763199999928474,1693008000000.0,0.0427747852019356,0.9144504295961288,0.0427747852019356
0,0.0859591935036157,-0.0068145517240725,0.0142941254687912,0.0775048134650119,0.0,1693353600000.0,0.0427747852019356,0.9144504295961288,0.0427747852019356
0,0.0859591935036157,-0.0068145517240725,0.0142941254687912,0.0766042151488379,0.0,1693699200000.0,0.0427747852019356,0.9144504295961288,0.0427747852019356
0,0.0859591935036157,-0.0068145517240725,0.0142941254687912,0.0757478922756051,0.0,1694044800000.0,0.0427747852019356,0.9144504295961288,0.0427747852019356
0,0.0852119157724545,-0.0076394058482726,0.015600903766011,0.0732556420142346,0.0654025003314018,1694390400000.0,0.0427747852008212,0.9144504295983574,0.0427747852008212
1,0.0724398048859746,-0.0297226168032192,-0.0096842448567569,0.0938495220668192,0.0,1654214400000.0,0.1,0.7999999999999999,0.1
1,0.0724398048859746,-0.0297226168032192,-0.0096842448567569,0.0953649625277798,0.0,1654560000000.0,0.1,0.7999999999999999,0.1
1,0.0724398048859746,-0.0297226168032192,-0.0096842448567569,0.096771902309146,0.0,1654905600000.0,0.1,0.7999999999999999,0.1
1,0.0724398048859746,-0.0297226168032192,-0.0096842448567569,0.0980636826160331,0.0,1655251200000.0,0.1,0.7999999999999999,0.1
1,0.0724398048859746,-0.0297226168032192,-0.0096842448567569,0.0992341896827971,0.0,1655596800000.0,0.1,0.7999999999999999,0.1
1,0.0724398048859746,-0.0297226168032192,-0.0096842448567569,0.1002778837083948,0.0,1655942400000.0,0.1,0.7999999999999999,0.1
1,0.0732070965461505,-0.0313831080108172,-0.009466226109268,0.1036303809140474,0.1058962494134903,1656288000000.0,0.0577083333333333,0.8845833333333332,0.0577083333333333
1,0.0732070965461505,-0.0313831080108172,-0.009466226109268,0.1043974565033445,0.0,1656633600000.0,0.0577083333333333,0.8845833333333332,0.0577083333333333
1,0.0732070965461505,-0.0313831080108172,-0.009466226109268,0.1050169136856048,0.0,1656979200000.0,0.0577083333333333,0.8845833333333332,0.0577083333333333
1,0.0732070965461505,-0.0313831080108172,-0.009466226109268,0.1054858206805409,0.0,1657324800000.0,0.0577083333333333,0.8845833333333332,0.0577083333333333
1,0.0717055911175844,-0.0282963928196724,-0.0072518316411787,0.1008563342453531,0.0922150015830993,1657670400000.0,0.0463929213049245,0.9072141573901508,0.0463929213049245
1,0.0717055911175844,-0.0282963928196724,-0.0072518316411787,0.1009161468656646,0.0,1658016000000.0,0.0463929213049245,0.9072141573901508,0.0463929213049245
1,0.0725637165076,-0.029819098317591,-0.0094626931278413,0.1038436936409065,0.1110799983143806,1658361600000.0,0.0436349237415436,0.9127301525169126,0.0436349237415436
1,0.0725637165076,-0.029819098317591,-0.0094626931278413,0.1037330178552471,0.0,1658707200000.0,0.0436349237415436,0.9127301525169126,0.0436349237415436
1,0.0721598204837348,-0.0292916818763302,-0.0079495188165565,0.1019243838739385,0.0975499972701072,1659052800000.0,0.0429783334510541,0.9140433330978917,0.0429783334510541
1,0.0721598204837348,-0.0292916818763302,-0.0079495188165565,0.1014456341063166,0.0,1659398400000.0,0.0429783334510541,0.9140433330978917,0.0429783334510541
1,0.0724004945786033,-0.0294539820265558,-0.0090928071779184,0.1018480830187577,0.1049199998378753,1659744000000.0,0.0428229018322208,0.9143541963355584,0.0428229018322208
1,0.0724004945786033,-0.0294539820265558,-0.0090928071779184,0.1011518016748515,0.0,1660089600000.0,0.0428229018322208,0.9143541963355584,0.0428229018322208
1,0.0724004945786033,-0.0294539820265558,-0.0090928071779184,0.1003194455257938,0.0,1660435200000.0,0.0428229018322208,0.9143541963355584,0.0428229018322208
1,0.0724004945786033,-0.0294539820265558,-0.0090928071779184,0.099354953964685,0.0,1660780800000.0,0.0428229018322208,0.9143541963355584,0.0428229018322208
1,0.0726388674581744,-0.0293088052380963,-0.0104620514076305,0.099458963033084,0.1023899987339973,1661126400000.0,0.0427861565395771,0.9144276869208458,0.0427861565395771
1,0.0726388674581744,-0.0293088052380963,-0.0104620514076305,0.0983102517116759,0.0,1661472000000.0,0.0427861565395771,0.9144276869208458,0.0427861565395771
1,0.0729165114721494,-0.0289982445701853,-0.01195098412892,0.09841593421343,0.1021699979901313,1661817600000.0,0.0427774724107989,0.914445055178402,0.0427774724107989
1,0.0729165114721494,-0.0289982445701853,-0.01195098412892,0.0970999864083791,0.0,1662163200000.0,0.0427774724107989,0.914445055178402,0.0427774724107989
1,0.0724497644057024,-0.0296981049690347,-0.0097792957214796,0.0935064259995695,0.0869624987244606,1662508800000.0,0.0427754202176664,0.9144491595646672,0.0427754202176664
1,0.0724497644057024,-0.0296981049690347,-0.0097792957214796,0.0918674405329921,0.0,1662854400000.0,0.0427754202176664,0.9144491595646672,0.0427754202176664
1,0.0724497644057024,-0.0296981049690347,-0.0097792957214796,0.0936925465637093,0.0,1685750400000.0,0.0427754202176664,0.9144491595646672,0.0427754202176664
1,0.0736428210546251,-0.0307859895603855,-0.0070566416996035,0.0985505386440775,0.1056212484836578,1686096000000.0,0.0427749352614754,0.9144501294770492,0.0427749352614754
1,0.0736428210546251,-0.0307859895603855,-0.0070566416996035,0.0998268901622657,0.0,1686441600000.0,0.0427749352614754,0.9144501294770492,0.0427749352614754
1,0.0735795559200601,-0.0307067946891538,-0.0071994174858427,0.1007982789522668,0.100162498652935,1686787200000.0,0.0427748206613832,0.9144503586772336,0.0427748206613832
1,0.0735795559200601,-0.0307067946891538,-0.0071994174858427,0.1018293804267511,0.0,1687132800000.0,0.0427748206613832,0.9144503586772336,0.0427748206613832
1,0.0739441503364418,-0.0313385239274416,-0.0064462519311513,0.1038361159198897,0.1097875013947486,1687478400000.0,0.0427747935802398,0.9144504128395202,0.0427747935802398
1,0.0739441503364418,-0.0313385239274416,-0.0064462519311513,0.1045496892606519,0.0,1687824000000.0,0.0427747935802398,0.9144504128395202,0.0427747935802398
1,0.0737964261563257,-0.0309971177519741,-0.006672384184123,0.1046239369552508,0.1011250019073486,1688169600000.0,0.0427747871806974,0.9144504256386052,0.0427747871806974
1,0.0737964261563257,-0.0309971177519741,-0.006672384184123,0.1050609161790825,0.0,1688515200000.0,0.0427747871806974,0.9144504256386052,0.0427747871806974
1,0.0737964261563257,-0.0309971177519741,-0.006672384184123,0.1053499261515071,0.0,1688860800000.0,0.0427747871806974,0.9144504256386052,0.0427747871806974
1,0.0737964261563257,-0.0309971177519741,-0.006672384184123,0.1054895990399057,0.0,1689206400000.0,0.0427747871806974,0.9144504256386052,0.0427747871806974
1,0.0735562876436722,-0.0302190101002111,-0.006435041476594,0.1044264546490032,0.0952125042676925,1689552000000.0,0.0427747856684222,0.9144504286631556,0.0427747856684222
1,0.0735562876436722,-0.0302190101002111,-0.006435041476594,0.1042655927756982,0.0,1689897600000.0,0.0427747856684222,0.9144504286631556,0.0427747856684222
1,0.0733918943776196,-0.0298008600496042,-0.0060501483584321,0.1032621542193306,0.0970275029540062,1690243200000.0,0.0427747853110566,0.9144504293778866,0.0427747853110566
1,0.0733918943776196,-0.0298008600496042,-0.0060501483584321,0.1027997286707265,0.0,1690588800000.0,0.0427747853110566,0.9144504293778866,0.0427747853110566
1,0.0730878914859483,-0.0293478336582892,-0.0051523112985586,0.1010513284942407,0.0912249982357025,1690934400000.0,0.0427747852266076,0.9144504295467848,0.0427747852266076
1,0.0730878914859483,-0.0293478336582892,-0.0051523112985586,0.100277656186815,0.0,1691280000000.0,0.0427747852266076,0.9144504295467848,0.0427747852266076
1,0.0728716545969837,-0.0292270738594208,-0.0045210626173648,0.0986749329282125,0.0931224972009658,1691625600000.0,0.0427747852066515,0.9144504295866968,0.0427747852066515
1,0.0728716545969837,-0.0292270738594208,-0.0045210626173648,0.0976202456305834,0.0,1691971200000.0,0.0427747852066515,0.9144504295866968,0.0427747852066515
1,0.0726101587923741,-0.0292527607123988,-0.0038461577424761,0.0957198833041712,0.0904549956321716,1692316800000.0,0.0427747852019356,0.9144504295961288,0.0427747852019356
1,0.0726101587923741,-0.0292527607123988,-0.0038461577424761,0.0944040421646405,0.0,1692662400000.0,0.0427747852019356,0.9144504295961288,0.0427747852019356
1,0.0729700777428818,-0.0290650444632287,-0.0046242329891599,0.0938621446777813,0.0995849967002868,1693008000000.0,0.0427747852008212,0.9144504295983574,0.0427747852008212
1,0.0729700777428818,-0.0290650444632287,-0.0046242329891599,0.0923875032085416,0.0,1693353600000.0,0.0427747852008212,0.9144504295983574,0.0427747852008212
1,0.0729700777428818,-0.0290650444632287,-0.0046242329891599,0.0908209625300613,0.0,1693699200000.0,0.0427747852008212,0.9144504295983574,0.0427747852008212
1,0.0729700777428818,-0.0290650444632287,-0.0046242329891599,0.0891699367997862,0.0,1694044800000.0,0.0427747852008212,0.9144504295983574,0.0427747852008212
1,0.0726338989973604,-0.0293912112312708,-0.0041233798357983,0.0867504386465583,0.0832637548446655,1694390400000.0,0.0427747852005579,0.914450429598884,0.0427747852005579
2,0.0897146906140722,-0.0007515194059455,0.0176285598533687,0.0988466662331333,0.0,1654214400000.0,0.1,0.7999999999999999,0.1
2,0.0897146906140722,-0.0007515194059455,0.0176285598533687,0.0977870229480756,0.0,1654560000000.0,0.1,0.7999999999999999,0.1
2,0.0897146906140722,-0.0007515194059455,0.0176285598533687,0.0966891747547753,0.0,1654905600000.0,0.1,0.7999999999999999,0.1
2,0.0897146906140722,-0.0007515194059455,0.0176285598533687,0.095558317572795,0.0,1655251200000.0,0.1,0.7999999999999999,0.1
2,0.0897146906140722,-0.0007515194059455,0.0176285598533687,0.0943998035473491,0.0,1655596800000.0,0.1,0.7999999999999999,0.1
2,0.0897146906140722,-0.0007515194059455,0.0176285598533687,0.0932191157185568,0.0,1655942400000.0,0.1,0.7999999999999999,0.1
2,0.0895428371252781,-0.0003796123177435,0.0175797292921583,0.091475220679015,0.09094999730587,1656288000000.0,0.0577083333333333,0.8845833333333332,0.0577083333333333
2,0.0895428371252781,-0.0003796123177435,0.0175797292921583,0.0902689980102058,0.0,1656633600000.0,0.0577083333333333,0.8845833333333332,0.0577083333333333
2,0.0895428371252781,-0.0003796123177435,0.0175797292921583,0.0890593385515281,0.0,1656979200000.0,0.0577083333333333,0.8845833333333332,0.0577083333333333
2,0.0895428371252781,-0.0003796123177435,0.0175797292921583,0.0878519674053087,0.0,1657324800000.0,0.0577083333333333,0.8845833333333332,0.0577083333333333
2,0.0898619368153351,-0.0010356005293408,0.0171091265390892,0.0877036420515498,0.0895199999213218,1657670400000.0,0.0463929213049245,0.9072141573901508,0.0463929213049245
2,0.0898619368153351,-0.0010356005293408,0.0171091265390892,0.086539642091635,0.0,1658016000000.0,0.0463929213049245,0.9072141573901508,0.0463929213049245
2,0.0897280214752025,-0.0007979736894313,0.0174541440288608,0.084922265320255,0.0837725028395652,1658361600000.0,0.0436349237415436,0.9127301525169126,0.0436349237415436
2,0.0897280214752025,-0.0007979736894313,0.0174541440288608,0.0837786623383054,0.0,1658707200000.0,0.0436349237415436,0.9127301525169126,0.0436349237415436
2,0.0898951188682257,-0.0010161731941673,0.0168281228064046,0.083304654941279,0.0850924998521804,1659052800000.0,0.0429783334510541,0.9140433330978917,0.0429783334510541
2,0.0898951188682257,-0.0010161731941673,0.0168281228064046,0.0822533674431412,0.0,1659398400000.0,0.0429783334510541,0.9140433330978917,0.0429783334510541
2,0.089780288048335,-0.0009387362796171,0.0173736104293179,0.0807516768065832,0.0792625024914741,1659744000000.0,0.0428229018322208,0.9143541963355584,0.0428229018322208
2,0.089780288048335,-0.0009387362796171,0.0173736104293179,0.0797504484325659,0.0,1660089600000.0,0.0428229018322208,0.9143541963355584,0.0428229018322208
2,0.0896383443276724,-0.0009446144489589,0.0181361847987605,0.0781464923801647,0.0760999992489814,1660435200000.0,0.0427861565395771,0.9144276869208458,0.0427861565395771
2,0.0896383443276724,-0.0009446144489589,0.0181361847987605,0.0772068300486342,0.0,1660780800000.0,0.0427861565395771,0.9144276869208458,0.0427861565395771
2,0.0896858142660716,-0.0009100120378569,0.01787543182943,0.0765513941805337,0.0772550031542778,1661126400000.0,0.0427774724107989,0.914445055178402,0.0427774724107989
2,0.0896858142660716,-0.0009100120378569,0.01787543182943,0.0757464721890736,0.0,1661472000000.0,0.0427774724107989,0.914445055178402,0.0427774724107989
2,0.0896858142660716,-0.0009100120378569,0.01787543182943,0.0750075226158663,0.0,1661817600000.0,0.0427774724107989,0.914445055178402,0.0427774724107989
2,0.0896858142660716,-0.0009100120378569,0.01787543182943,0.0743380427773591,0.0,1662163200000.0,0.0427774724107989,0.914445055178402,0.0427774724107989
2,0.0897404149533015,-0.0008189919647075,0.0176118348543035,0.0739992299946364,0.0746700018644332,1662508800000.0,0.0427754202176664,0.9144491595646672,0.0427754202176664
2,0.0897404149533015,-0.0008189919647075,0.0176118348543035,0.0734904849128972,0.0,1662854400000.0,0.0427754202176664,0.9144491595646672,0.0427754202176664
2,0.0897404149533015,-0.0008189919647075,0.0176118348543035,0.0989890054773331,0.0,1685750400000.0,0.0427754202176664,0.9144491595646672,0.0427754202176664
2,0.1186798367015769,-0.028568224755836,0.0892484683714163,0.1823305753863266,0.3570674955844879,1686096000000.0,0.1802429026119596,0.7527704706516736,0.0669866267363666
2,0.1186798367015769,-0.028568224755836,0.0892484683714163,0.1774513329675132,0.0,1686441600000.0,0.1802429026119596,0.7527704706516736,0.0669866267363666
2,0.1186798367015769,-0.028568224755836,0.0892484683714163,0.1722939355460045,0.0,1686787200000.0,0.1802429026119596,0.7527704706516736,0.0669866267363666
2,0.1186798367015769,-0.028568224755836,0.0892484683714163,0.1668827921633394,0.0,1687132800000.0,0.1802429026119596,0.7527704706516736,0.0669866267363666
2,0.1762210774546201,-0.0485928403375028,0.1110979998472173,0.2420657211912845,0.3601475059986114,1687478400000.0,0.4741104407495459,0.4550307289225598,0.0708588303278941
2,0.1762210774546201,-0.0485928403375028,0.1110979998472173,0.2349088874366353,0.0,1687824000000.0,0.4741104407495459,0.4550307289225598,0.0708588303278941
2,0.2283585110546662,-0.0595641716651746,0.1152671989752878,0.2906802452429013,0.3653725087642669,1688169600000.0,0.7509835217424203,0.1911131679536818,0.0579033103038978
2,0.2283585110546662,-0.0595641716651746,0.1152671989752878,0.2827084772192998,0.0,1688515200000.0,0.7509835217424203,0.1911131679536818,0.0579033103038978
2,0.2283585110546662,-0.0595641716651746,0.1152671989752878,0.27447948050585,0.0,1688860800000.0,0.7509835217424203,0.1911131679536818,0.0579033103038978
2,0.2283585110546662,-0.0595641716651746,0.1152671989752878,0.2660322014753388,0.0,1689206400000.0,0.7509835217424203,0.1911131679536818,0.0579033103038978
2,0.2730261184555021,-0.0656630326355139,0.1096342089821143,0.3093816931013381,0.3652350008487701,1689552000000.0,0.8697969865872244,0.0820956987471284,0.048107314665647
2,0.2730261184555021,-0.0656630326355139,0.1096342089821143,0.3008722682015152,0.0,1689897600000.0,0.8697969865872244,0.0820956987471284,0.048107314665647
2,0.3030523936147044,-0.0684148313625207,0.1049511365159211,0.3265789271866736,0.3622924983501434,1690243200000.0,0.903494600805894,0.052147272675911,0.0443581265181948
2,0.3030523936147044,-0.0684148313625207,0.1049511365159211,0.3180628283585793,0.0,1690588800000.0,0.903494600805894,0.052147272675911,0.0443581265181948
2,0.321220035804213,-0.0694083494400831,0.1017296697063007,0.3301208830362735,0.351265013217926,1690934400000.0,0.911837834529126,0.0449485553500116,0.0432136101208621
2,0.321220035804213,-0.0694083494400831,0.1017296697063007,0.3216546657003288,0.0,1691280000000.0,0.911837834529126,0.0449485553500116,0.0432136101208621
2,0.3391702879938642,-0.0697632212182911,0.0982844865257909,0.3335393251792223,0.354262501001358,1691625600000.0,0.9138317133915635,0.0432760297120552,0.0428922568963813
2,0.3391702879938642,-0.0697632212182911,0.0982844865257909,0.3252748931294413,0.0,1691971200000.0,0.9138317133915635,0.0432760297120552,0.0428922568963813
2,0.355225143247063,-0.0695187908047006,0.0950707289838731,0.3352701344119519,0.3537124991416931,1692316800000.0,0.9143041461391116,0.0428903026410272,0.0428055512198612
2,0.355225143247063,-0.0695187908047006,0.0950707289838731,0.3273367330130699,0.0,1692662400000.0,0.9143041461391116,0.0428903026410272,0.0428055512198612
2,0.3694225612417662,-0.068798232202508,0.0922024908721133,0.3356223309846012,0.3518700003623962,1693008000000.0,0.914415857196711,0.0428014258973126,0.0427827169059761
2,0.3694225612417662,-0.068798232202508,0.0922024908721133,0.3281417768527844,0.0,1693353600000.0,0.914415857196711,0.0428014258973126,0.0427827169059761
2,0.3694225612417662,-0.068798232202508,0.0922024908721133,0.3208565973059716,0.0,1693699200000.0,0.914415857196711,0.0428014258973126,0.0427827169059761
2,0.3694225612417662,-0.068798232202508,0.0922024908721133,0.3138012717987484,0.0,1694044800000.0,0.914415857196711,0.0428014258973126,0.0427827169059761
2,0.3809854131641062,-0.0667481260991128,0.0894851682796405,0.3204035827940193,0.3332250118255615,1694390400000.0,0.914442259565358,0.0427809350445419,0.0427768053901002
3,0.1660380524965029,-0.0232672947440348,-0.016172564097118,0.1786684419833658,0.0,1654214400000.0,0.1,0.7999999999999999,0.1
3,0.1660380524965029,-0.0232672947440348,-0.016172564097118,0.1803825306527979,0.0,1654560000000.0,0.1,0.7999999999999999,0.1
3,0.1660380524965029,-0.0232672947440348,-0.016172564097118,0.1820287294672199,0.0,1654905600000.0,0.1,0.7999999999999999,0.1
3,0.1660380524965029,-0.0232672947440348,-0.016172564097118,0.1835992472614451,0.0,1655251200000.0,0.1,0.7999999999999999,0.1
3,0.1660380524965029,-0.0232672947440348,-0.016172564097118,0.1850866510550491,0.0,1655596800000.0,0.1,0.7999999999999999,0.1
3,0.1660380524965029,-0.0232672947440348,-0.016172564097118,0.1864839012313378,0.0,1655942400000.0,0.1,0.7999999999999999,0.1
3,0.1641219542673332,-0.0191206782387786,-0.0167170054844956,0.1816897731657515,0.1760900020599365,1656288000000.0,0.0592852741836106,0.874442390634627,0.0662723351817621
3,0.166209922437632,-0.0235659912393778,-0.0170844213901866,0.1894344760995115,0.2018575072288513,1656633600000.0,0.0468659176772814,0.9046732830567822,0.0484607992659363
3,0.166209922437632,-0.0235659912393778,-0.0170844213901866,0.190585871999897,0.0,1656979200000.0,0.0468659176772814,0.9046732830567822,0.0484607992659363
3,0.166209922437632,-0.0235659912393778,-0.0170844213901866,0.1916219008814556,0.0,1657324800000.0,0.0468659176772814,0.9046732830567822,0.0484607992659363
3,0.1649001113086406,-0.0210089485150882,-0.0143954007429035,0.1882160938192945,0.1773000061511993,1657670400000.0,0.0437619546456103,0.9121211970685752,0.0441168482858145
3,0.1665647358042763,-0.0239283515477333,-0.018871667490686,0.1944859424057062,0.2125550061464309,1658016000000.0,0.0430112833005381,0.9138989487215048,0.0430897679779569
3,0.1661568158327447,-0.0233202781628989,-0.0175017774894527,0.1938386083296477,0.18851999938488,1658361600000.0,0.0428313093674164,0.9143200498691246,0.0428486407634587
3,0.1672989768572009,-0.0246581933056217,-0.0220690613270996,0.1985304239995025,0.2156624943017959,1658707200000.0,0.0427882789286507,0.9144196162637074,0.0427921048076418
3,0.1662335803690973,-0.0237945881136458,-0.0172156157329518,0.1952070238682728,0.1775200068950653,1659052800000.0,0.0427780037972529,0.9144431479180034,0.0427788482847436
3,0.1664443397819641,-0.0238846165747909,-0.0182662257913567,0.1962891132761229,0.2000699937343597,1659398400000.0,0.0427755523720805,0.914448708855466,0.0427757387724535
3,0.1654977674258249,-0.0238450329142141,-0.0132882770391335,0.1926821357024055,0.1747699975967407,1659744000000.0,0.0427749679435146,0.9144500229697448,0.0427750090867405
3,0.1652312212541427,-0.0239317801278784,-0.0118576937829896,0.1913619571960114,0.1861274987459182,1660089600000.0,0.0427748287050904,0.9144503335084896,0.0427748377864199
3,0.1651667866611897,-0.0239741633300937,-0.0115151808803956,0.1906569941593693,0.1893587410449981,1660435200000.0,0.0427747955518148,0.9144504068918964,0.0427747975562888
3,0.1661899466188601,-0.0230091925142827,-0.016758402776523,0.1942129098475166,0.2147825062274933,1660780800000.0,0.0427747876622201,0.9144504242331228,0.0427747881046571
3,0.1656922149176716,-0.0235940773564053,-0.0143580029723964,0.1918381206300691,0.1818924993276596,1661126400000.0,0.0427747857856585,0.914450428331026,0.0427747858833153
3,0.1663378221316043,-0.0227208314074025,-0.0172262761114574,0.1936197877605011,0.2062575072050094,1661472000000.0,0.0427747853395217,0.9144504292994012,0.042774785361077
3,0.1663378221316043,-0.0227208314074025,-0.0172262761114574,0.1929854533346527,0.0,1661817600000.0,0.0427747853395217,0.9144504292994012,0.042774785361077
3,0.1663924446891429,-0.022630125052722,-0.0174384021468366,0.1924241774140765,0.1933324933052063,1662163200000.0,0.0427747852335022,0.9144504295282376,0.0427747852382599
3,0.1660544075729518,-0.0231981037164334,-0.0162872248490253,0.1903964117667725,0.1847387552261352,1662508800000.0,0.0427747852083178,0.9144504295823144,0.0427747852093679
3,0.1660544075729518,-0.0231981037164334,-0.0162872248490253,0.1893403418707795,0.0,1662854400000.0,0.0427747852083178,0.9144504295823144,0.0427747852093679
3,0.1660544075729518,-0.0231981037164334,-0.0162872248490253,0.1784580877552213,0.0,1685750400000.0,0.0427747852083178,0.9144504295823144,0.0427747852093679
3,0.1683963848821559,-0.0243628262588323,-0.0119127754472279,0.1854294424809866,0.1980900019407272,1686096000000.0,0.0427747852023376,0.914450429595093,0.0427747852025694
3,0.1683963848821559,-0.0243628262588323,-0.0119127754472279,0.1868400674522464,0.0,1686441600000.0,0.0427747852023376,0.914450429595093,0.0427747852025694
3,0.1683963848821559,-0.0243628262588323,-0.0119127754472279,0.1881634017656033,0.0,1686787200000.0,0.0427747852023376,0.914450429595093,0.0427747852025694
3,0.1683963848821559,-0.0243628262588323,-0.0119127754472279,0.1893931823159319,0.0,1687132800000.0,0.0427747852023376,0.914450429595093,0.0427747852025694
3,0.1684785400585614,-0.0244478579355927,-0.0117544820034638,0.1907151501074746,0.1916825026273727,1687478400000.0,0.042774785200918,0.9144504295981128,0.0427747852009692
3,0.1684785400585614,-0.0244478579355927,-0.0117544820034638,0.1917307732861833,0.0,1687824000000.0,0.042774785200918,0.9144504295981128,0.0427747852009692
3,0.1691586672306221,-0.0253862873080391,-0.0105730598291563,0.1942830727285512,0.2058999985456466,1688169600000.0,0.0427747852005812,0.9144504295988262,0.0427747852005924
3,0.1691586672306221,-0.0253862873080391,-0.0105730598291563,0.1949923736041576,0.0,1688515200000.0,0.0427747852005812,0.9144504295988262,0.0427747852005924
3,0.17055592708802,-0.027782858488598,-0.0088168651431634,0.1991588323161507,0.2321899980306625,1688860800000.0,0.0461857844122361,0.9103547086771104,0.0434595069106533
3,0.17055592708802,-0.027782858488598,-0.0088168651431634,0.1994770200784773,0.0,1689206400000.0,0.0461857844122361,0.9103547086771104,0.0434595069106533
3,0.1709809661474788,-0.0285714075070627,-0.0086490422432401,0.2008054676396231,0.2134349942207336,1689552000000.0,0.043562255275122,0.9134792873522974,0.0429584573725804
3,0.1709809661474788,-0.0285714075070627,-0.0086490422432401,0.2008226808085706,0.0,1689897600000.0,0.043562255275122,0.9134792873522974,0.0429584573725804
3,0.1707643966208282,-0.028225863469236,-0.0085026785641008,0.2001068515194064,0.1930849999189376,1690243200000.0,0.0429563125175533,0.9142207549887452,0.0428229324937015
3,0.1707643966208282,-0.028225863469236,-0.0085026785641008,0.199842762008725,0.0,1690588800000.0,0.0429563125175533,0.9142207549887452,0.0428229324937015
3,0.1709306959507778,-0.0283892255741564,-0.0087550768656629,0.1998754060783419,0.2049099951982498,1690934400000.0,0.04281665046071,0.9143961449269434,0.0427872046123466
3,0.1709306959507778,-0.0283892255741564,-0.0087550768656629,0.199346699186995,0.0,1691280000000.0,0.04281665046071,0.9143961449269434,0.0427872046123466
3,0.1709760707303604,-0.0284030267242031,-0.008840451152751,0.1987923627553172,0.1999325007200241,1691625600000.0,0.0427844493489979,0.9144376010194288,0.0427779496315733
3,0.1709760707303604,-0.0284030267242031,-0.008840451152751,0.1980017065654157,0.0,1691971200000.0,0.0427844493489979,0.9144376010194288,0.0427779496315733
3,0.1711550112287581,-0.0283613723041882,-0.0091747775020271,0.1974733225474388,0.2011012434959411,1692316800000.0,0.0427770183083414,0.9144473980467224,0.0427755836449364
3,0.1711550112287581,-0.0283613723041882,-0.0091747775020271,0.1964487444938092,0.0,1692662400000.0,0.0427770183083414,0.9144473980467224,0.0427755836449364
3,0.1708515772132486,-0.0285419751811709,-0.0086684171391178,0.1946989563513304,0.1897300034761428,1693008000000.0,0.0427753017274944,0.9144497132114612,0.0427749850610445
3,0.1708515772132486,-0.0285419751811709,-0.0086684171391178,0.1934105108284748,0.0,1693353600000.0,0.0427753017274944,0.9144497132114612,0.0427749850610445
3,0.1708515772132486,-0.0285419751811709,-0.0086684171391178,0.1920152978989815,0.0,1693699200000.0,0.0427753017274944,0.9144497132114612,0.0427749850610445
3,0.1708515772132486,-0.0285419751811709,-0.0086684171391178,0.1905199208566376,0.0,1694044800000.0,0.0427753017274944,0.9144497132114612,0.0427749850610445
3,0.1691593009268082,-0.0302138983030167,-0.0066159734347957,0.1858988437724486,0.1681424975395202,1694390400000.0,0.042774904793337,0.914450260309476,0.0427748348971868
4,0.0,0.0,0.0,0.0,0.0,1654214400000.0,0.0,0.0,0.0
4,0.0,0.0,0.0,0.0,0.0,1654560000000.0,0.0,0.0,0.0
4,0.0,0.0,0.0,0.0,0.0,1654905600000.0,0.0,0.0,0.0
4,0.0,0.0,0.0,0.0,0.0,1655251200000.0,0.0,0.0,0.0
4,0.0,0.0,0.0,0.0,0.0,1655596800000.0,0.0,0.0,0.0
4,0.0,0.0,0.0,0.0,0.0,1655942400000.0,0.0,0.0,0.0
4,0.0,0.0,0.0,0.0,0.0771450027823448,1656288000000.0,0.0,0.0,0.0
4,0.0,0.0,0.0,0.0,0.0958174988627433,1656633600000.0,0.0,0.0,0.0
4,0.0,0.0,0.0,0.0,0.0,1656979200000.0,0.0,0.0,0.0
4,0.0,0.0,0.0,0.0,0.0,1657324800000.0,0.0,0.0,0.0
4,0.0,0.0,0.0,0.0,0.0755499973893165,1657670400000.0,0.0,0.0,0.0
4,0.0,0.0,0.0,0.0,0.0980174988508224,1658016000000.0,0.0,0.0,0.0
4,0.0,0.0,0.0,0.0,0.0672724992036819,1658361600000.0,0.0,0.0,0.0
4,0.0,0.0,0.0,0.0,0.0864124968647956,1658707200000.0,0.0,0.0,0.0
4,0.0,0.0,0.0,0.0,0.0718649998307228,1659052800000.0,0.0,0.0,0.0
4,0.0,0.0,0.0,0.0,0.0842399969696998,1659398400000.0,0.0,0.0,0.0
4,0.0,0.0,0.0,0.0,0.0636700019240379,1659744000000.0,0.0,0.0,0.0
4,0.0,0.0,0.0,0.0,0.0869349986314773,1660089600000.0,0.0,0.0,0.0
4,0.0,0.0,0.0,0.0,0.0636425018310546,1660435200000.0,0.0,0.0,0.0
4,0.0,0.0,0.0,0.0,0.0850099995732307,1660780800000.0,0.0,0.0,0.0
4,0.0,0.0,0.0,0.0,0.0654575005173683,1661126400000.0,0.0,0.0,0.0
4,0.0,0.0,0.0,0.0,0.0756324976682663,1661472000000.0,0.0,0.0,0.0
4,0.0,0.0,0.0,0.0,0.0,1661817600000.0,0.0,0.0,0.0
4,0.0,0.0,0.0,0.0,0.0790975019335746,1662163200000.0,0.0,0.0,0.0
4,0.0,0.0,0.0,0.0,0.073184996843338,1662508800000.0,0.0,0.0,0.0
4,0.0,0.0,0.0,0.0,0.0,1662854400000.0,0.0,0.0,0.0
4,0.0,0.0,0.0,0.0,0.0,1685750400000.0,0.0,0.0,0.0
4,0.0,0.0,0.0,0.0,0.0918987542390823,1686096000000.0,0.0,0.0,0.0
4,0.0,0.0,0.0,0.0,0.0,1686441600000.0,0.0,0.0,0.0
4,0.0,0.0,0.0,0.0,0.0,1686787200000.0,0.0,0.0,0.0
4,0.0,0.0,0.0,0.0,0.0,1687132800000.0,0.0,0.0,0.0
4,0.0,0.0,0.0,0.0,0.0862199962139129,1687478400000.0,0.0,0.0,0.0
4,0.0,0.0,0.0,0.0,0.0,1687824000000.0,0.0,0.0,0.0
4,0.0,0.0,0.0,0.0,0.0862062498927116,1688169600000.0,0.0,0.0,0.0
4,0.0,0.0,0.0,0.0,0.0,1688515200000.0,0.0,0.0,0.0
4,0.0,0.0,0.0,0.0,0.0911974981427192,1688860800000.0,0.0,0.0,0.0
4,0.0,0.0,0.0,0.0,0.0,1689206400000.0,0.0,0.0,0.0
4,0.0,0.0,0.0,0.0,0.0821912512183189,1689552000000.0,0.0,0.0,0.0
4,0.0,0.0,0.0,0.0,0.0,1689897600000.0,0.0,0.0,0.0
4,0.0,0.0,0.0,0.0,0.0756187438964843,1690243200000.0,0.0,0.0,0.0
4,0.0,0.0,0.0,0.0,0.0,1690588800000.0,0.0,0.0,0.0
4,0.0,0.0,0.0,0.0,0.0813387483358383,1690934400000.0,0.0,0.0,0.0
4,0.0,0.0,0.0,0.0,0.0,1691280000000.0,0.0,0.0,0.0
4,0.0,0.0,0.0,0.0,0.0703112483024597,1691625600000.0,0.0,0.0,0.0
4,0.0,0.0,0.0,0.0,0.0,1691971200000.0,0.0,0.0,0.0
4,0.0,0.0,0.0,0.0,0.069362498819828,1692316800000.0,0.0,0.0,0.0
4,0.0,0.0,0.0,0.0,0.0,1692662400000.0,0.0,0.0,0.0
4,0.0,0.0,0.0,0.0,0.0768700018525123,1693008000000.0,0.0,0.0,0.0
4,0.0,0.0,0.0,0.0,0.0,1693353600000.0,0.0,0.0,0.0
4,0.0,0.0,0.0,0.0,0.0,1693699200000.0,0.0,0.0,0.0
4,0.0,0.0,0.0,0.0,0.0,1694044800000.0,0.0,0.0,0.0
4,0.0,0.0,0.0,0.0,0.070710003376007,1694390400000.0,0.0,0.0,0.0
5,0.1167264274550065,-0.0084627695381152,0.010760628411355,0.1293195579848077,0.0,1654214400000.0,0.1,0.7999999999999999,0.1
5,0.1167264274550065,-0.0084627695381152,0.010760628411355,0.1289206354250184,0.0,1654560000000.0,0.1,0.7999999999999999,0.1
5,0.1167264274550065,-0.0084627695381152,0.010760628411355,0.1284639998552451,0.0,1654905600000.0,0.1,0.7999999999999999,0.1
5,0.1167264274550065,-0.0084627695381152,0.010760628411355,0.1279518124501427,0.0,1655251200000.0,0.1,0.7999999999999999,0.1
5,0.1167264274550065,-0.0084627695381152,0.010760628411355,0.1273864973012875,0.0,1655596800000.0,0.1,0.7999999999999999,0.1
5,0.1167264274550065,-0.0084627695381152,0.010760628411355,0.1267707299443856,0.0,1655942400000.0,0.1,0.7999999999999999,0.1
5,0.1154670783961238,-0.0057374199114916,0.0104027961570515,0.1221017618458813,0.1183950006961822,1656288000000.0,0.0577083333333333,0.8845833333333332,0.0577083333333333
5,0.1173262841758188,-0.0096956946308252,0.010075635147066,0.1272187568701284,0.1382499933242797,1656633600000.0,0.0463929213049245,0.9072141573901508,0.0463929213049245
5,0.1173262841758188,-0.0096956946308252,0.010075635147066,0.1265158776366451,0.0,1656979200000.0,0.0463929213049245,0.9072141573901508,0.0463929213049245
5,0.1173262841758188,-0.0096956946308252,0.010075635147066,0.1257695056974071,0.0,1657324800000.0,0.0463929213049245,0.9072141573901508,0.0463929213049245
5,0.1167924458377042,-0.0086535234290323,0.0111715964515074,0.1232218375775232,0.1187525019049644,1657670400000.0,0.0436349237415436,0.9127301525169126,0.0436349237415436
5,0.1167924458377042,-0.0086535234290323,0.0111715964515074,0.1223414293364836,0.0,1658016000000.0,0.0436349237415436,0.9127301525169126,0.0436349237415436
5,0.1162232018498048,-0.0077342751582209,0.0130747857834013,0.1193877000486943,0.1133899986743927,1658361600000.0,0.0429783334510541,0.9140433330978917,0.0429783334510541
5,0.116652431931874,-0.0083055482539402,0.0114062287991055,0.1199547894654757,0.1254625022411346,1658707200000.0,0.0428229018322208,0.9143541963355584,0.0428229018322208
5,0.1165645149822938,-0.0082183730449007,0.0117920546585604,0.1186658948711129,0.1173362433910369,1659052800000.0,0.0427861565395771,0.9144276869208458,0.0427861565395771
5,0.1171952469543158,-0.0086059802450302,0.0087668794207933,0.1201796108673626,0.1306599974632263,1659398400000.0,0.0427774724107989,0.914445055178402,0.0427774724107989
5,0.1167399657377857,-0.0085049839285816,0.0110767727361728,0.1175111053485694,0.1093062460422515,1659744000000.0,0.0427754202176664,0.9144491595646672,0.0427754202176664
5,0.1169853468479734,-0.0084648516120631,0.0098006208509784,0.1175552913353261,0.1221899986267089,1660089600000.0,0.0427749352614754,0.9144501294770492,0.0427749352614754
5,0.1164813121316464,-0.0087274259588291,0.0124096902351703,0.1146009618513401,0.1047274991869926,1660435200000.0,0.0427748206613832,0.9144503586772336,0.0427748206613832
5,0.1169437079465596,-0.008341502030964,0.0100907484041119,0.1154386934427879,0.1245824992656707,1660780800000.0,0.0427747935802398,0.9144504128395202,0.0427747935802398
5,0.1166327773315981,-0.008682008582189,0.0115652490148396,0.1133239071348401,0.1071612536907196,1661126400000.0,0.0427747871806974,0.9144504256386052,0.0427747871806974
5,0.11676628196521,-0.0085085534756332,0.0109793609672331,0.1128699146109701,0.1154524981975555,1661472000000.0,0.0427747856684222,0.9144504286631556,0.0427747856684222
5,0.11676628196521,-0.0085085534756332,0.0109793609672331,0.1119624498337569,0.0,1661817600000.0,0.0427747856684222,0.9144504286631556,0.0427747856684222
5,0.1171562269932305,-0.0078664926491296,0.0094718564195441,0.1124961653249538,0.1190550029277801,1662163200000.0,0.0427747853110566,0.9144504293778866,0.0427747853110566
5,0.1167779479379071,-0.008502793188347,0.0107590680027366,0.1104303064459179,0.1041087508201599,1662508800000.0,0.0427747852266076,0.9144504295467848,0.0427747852266076
5,0.1167779479379071,-0.008502793188347,0.0107590680027366,0.1096095608538294,0.0,1662854400000.0,0.0427747852266076,0.9144504295467848,0.0427747852266076
5,0.1167779479379071,-0.008502793188347,0.0107590680027366,0.1294286068317336,0.0,1685750400000.0,0.0427747852266076,0.9144504295467848,0.0427747852266076
5,0.1154733252873695,-0.0077651864600821,0.0082765854569698,0.1260113294488403,0.1189175024628639,1686096000000.0,0.0427747852066515,0.9144504295866968,0.0427747852066515
5,0.1154733252873695,-0.0077651864600821,0.0082765854569698,0.1256967193887982,0.0,1686441600000.0,0.0427747852066515,0.9144504295866968,0.0427747852066515
5,0.1154733252873695,-0.0077651864600821,0.0082765854569698,0.1253337238290749,0.0,1686787200000.0,0.0427747852066515,0.9144504295866968,0.0427747852066515
5,0.1154733252873695,-0.0077651864600821,0.0082765854569698,0.1249240607628696,0.0,1687132800000.0,0.0427747852066515,0.9144504295866968,0.0427747852066515
5,0.1145745789030697,-0.0067396432178719,0.0065019399472445,0.1222730567108052,0.1117400005459785,1687478400000.0,0.0427747852019356,0.9144504295961288,0.0427747852019356
5,0.1145745789030697,-0.0067396432178719,0.0065019399472445,0.1218882304660124,0.0,1687824000000.0,0.0427747852019356,0.9144504295961288,0.0427747852019356
5,0.1139517516343697,-0.005798014285126,0.0053889757907791,0.1198778143382188,0.1089899986982345,1688169600000.0,0.0427747852008212,0.9144504295983574,0.0427747852008212
5,0.1139517516343697,-0.005798014285126,0.0053889757907791,0.1195029767766565,0.0,1688515200000.0,0.0427747852008212,0.9144504295983574,0.0427747852008212
5,0.1140753958805092,-0.0060297240383001,0.0055494892682541,0.1194375422366701,0.1224374994635582,1688860800000.0,0.0427747852005579,0.914450429598884,0.0427747852005579
5,0.1140753958805092,-0.0060297240383001,0.0055494892682541,0.1189987853958395,0.0,1689206400000.0,0.0427747852005579,0.914450429598884,0.0427747852005579
5,0.1140123542398925,-0.0059022167580622,0.0055236152112934,0.1183566091575459,0.1164150014519691,1689552000000.0,0.0427747852004957,0.9144504295990084,0.0427747852004957
5,0.1140123542398925,-0.0059022167580622,0.0055236152112934,0.1178776150945785,0.0,1689897600000.0,0.0427747852004957,0.9144504295990084,0.0427747852004957
5,0.1136530764588786,-0.0052790916634346,0.0057717322760643,0.1163503758239763,0.1043699979782104,1690243200000.0,0.0427747852004809,0.914450429599038,0.0427747852004809
5,0.1136530764588786,-0.0052790916634346,0.0057717322760643,0.115839189057635,0.0,1690588800000.0,0.0427747852004809,0.914450429599038,0.0427747852004809
5,0.1132831736472356,-0.004883310078283,0.0063426313090939,0.1143187192014499,0.1028575003147125,1690934400000.0,0.0427747852004775,0.9144504295990448,0.0427747852004775
5,0.1132831736472356,-0.004883310078283,0.0063426313090939,0.1137705299776432,0.0,1691280000000.0,0.0427747852004775,0.9144504295990448,0.0427747852004775
5,0.113131742891188,-0.0048304816228001,0.0066303283946961,0.1128496966140415,0.108934998512268,1691625600000.0,0.0427747852004767,0.9144504295990464,0.0427747852004767
5,0.113131742891188,-0.0048304816228001,0.0066303283946961,0.1122866784851109,0.0,1691971200000.0,0.0427747852004767,0.9144504295990464,0.0427747852004767
5,0.1129239984962914,-0.0048748190667329,0.0070202347568111,0.1112706085824476,0.1069962531328201,1692316800000.0,0.0427747852004765,0.9144504295990468,0.0427747852004765
5,0.1129239984962914,-0.0048748190667329,0.0070202347568111,0.1106979891415342,0.0,1692662400000.0,0.0427747852004765,0.9144504295990468,0.0427747852004765
5,0.1126536800715487,-0.0050340698593661,0.0074720904737625,0.1095949067360727,0.1051675006747245,1693008000000.0,0.0427747852004764,0.9144504295990472,0.0427747852004764
5,0.1126536800715487,-0.0050340698593661,0.0074720904737625,0.1090194795070557,0.0,1693353600000.0,0.0427747852004764,0.9144504295990472,0.0427747852004764
5,0.1126536800715487,-0.0050340698593661,0.0074720904737625,0.1084612523007035,0.0,1693699200000.0,0.0427747852004764,0.9144504295990472,0.0427747852004764
5,0.1126536800715487,-0.0050340698593661,0.0074720904737625,0.1079228671067551,0.0,1694044800000.0,0.0427747852004764,0.9144504295990472,0.0427747852004764
5,0.1121800751285213,-0.005504214079131,0.0080469318275847,0.1065585250938681,0.1015925034880638,1694390400000.0,0.0427747852004764,0.9144504295990472,0.0427747852004764
6,0.0,0.0,0.0,0.0,0.0,1654214400000.0,0.0,0.0,0.0
6,0.0,0.0,0.0,0.0,0.0,1654560000000.0,0.0,0.0,0.0
6,0.0,0.0,0.0,0.0,0.0,1654905600000.0,0.0,0.0,0.0
6,0.0,0.0,0.0,0.0,0.0,1655251200000.0,0.0,0.0,0.0
6,0.0,0.0,0.0,0.0,0.0,1655596800000.0,0.0,0.0,0.0
6,0.0,0.0,0.0,0.0,0.0,1655942400000.0,0.0,0.0,0.0
6,0.0,0.0,0.0,0.0,0.1115474998950958,1656288000000.0,0.0,0.0,0.0
6,0.0,0.0,0.0,0.0,0.1361050009727478,1656633600000.0,0.0,0.0,0.0
6,0.0,0.0,0.0,0.0,0.0,1656979200000.0,0.0,0.0,0.0
6,0.0,0.0,0.0,0.0,0.0,1657324800000.0,0.0,0.0,0.0
6,0.0,0.0,0.0,0.0,0.1080275028944015,1657670400000.0,0.0,0.0,0.0
6,0.0,0.0,0.0,0.0,0.138772502541542,1658016000000.0,0.0,0.0,0.0
6,0.0,0.0,0.0,0.0,0.115397498011589,1658361600000.0,0.0,0.0,0.0
6,0.0,0.0,0.0,0.0,0.1378924995660781,1658707200000.0,0.0,0.0,0.0
6,0.0,0.0,0.0,0.0,0.1029950007796287,1659052800000.0,0.0,0.0,0.0
6,0.0,0.0,0.0,0.0,0.1177624985575676,1659398400000.0,0.0,0.0,0.0
6,0.0,0.0,0.0,0.0,0.0996674969792366,1659744000000.0,0.0,0.0,0.0
6,0.0,0.0,0.0,0.0,0.1351975053548813,1660089600000.0,0.0,0.0,0.0
6,0.0,0.0,0.0,0.0,0.1015925034880638,1660435200000.0,0.0,0.0,0.0
6,0.0,0.0,0.0,0.0,0.1308249980211258,1660780800000.0,0.0,0.0,0.0
6,0.0,0.0,0.0,0.0,0.1093199998140335,1661126400000.0,0.0,0.0,0.0
6,0.0,0.0,0.0,0.0,0.1265899986028671,1661472000000.0,0.0,0.0,0.0
6,0.0,0.0,0.0,0.0,0.0,1661817600000.0,0.0,0.0,0.0
6,0.0,0.0,0.0,0.0,0.1275250017642974,1662163200000.0,0.0,0.0,0.0
6,0.0,0.0,0.0,0.0,0.0985125005245208,1662508800000.0,0.0,0.0,0.0
6,0.0,0.0,0.0,0.0,0.0,1662854400000.0,0.0,0.0,0.0
6,0.0,0.0,0.0,0.0,0.0,1685750400000.0,0.0,0.0,0.0
6,0.0,0.0,0.0,0.0,0.1176387518644332,1686096000000.0,0.0,0.0,0.0
6,0.0,0.0,0.0,0.0,0.0,1686441600000.0,0.0,0.0,0.0
6,0.0,0.0,0.0,0.0,0.0,1686787200000.0,0.0,0.0,0.0
6,0.0,0.0,0.0,0.0,0.0,1687132800000.0,0.0,0.0,0.0
6,0.0,0.0,0.0,0.0,0.1199487522244453,1687478400000.0,0.0,0.0,0.0
6,0.0,0.0,0.0,0.0,0.0,1687824000000.0,0.0,0.0,0.0
6,0.0,0.0,0.0,0.0,0.1162912547588348,1688169600000.0,0.0,0.0,0.0
6,0.0,0.0,0.0,0.0,0.0,1688515200000.0,0.0,0.0,0.0
6,0.0,0.0,0.0,0.0,0.1323924958705902,1688860800000.0,0.0,0.0,0.0
6,0.0,0.0,0.0,0.0,0.0,1689206400000.0,0.0,0.0,0.0
6,0.0,0.0,0.0,0.0,0.1166075021028518,1689552000000.0,0.0,0.0,0.0
6,0.0,0.0,0.0,0.0,0.0,1689897600000.0,0.0,0.0,0.0
6,0.0,0.0,0.0,0.0,0.1091962456703186,1690243200000.0,0.0,0.0,0.0
6,0.0,0.0,0.0,0.0,0.0,1690588800000.0,0.0,0.0,0.0
6,0.0,0.0,0.0,0.0,0.1162225008010864,1690934400000.0,0.0,0.0,0.0
6,0.0,0.0,0.0,0.0,0.0,1691280000000.0,0.0,0.0,0.0
6,0.0,0.0,0.0,0.0,0.1070099994540214,1691625600000.0,0.0,0.0,0.0
6,0.0,0.0,0.0,0.0,0.0,1691971200000.0,0.0,0.0,0.0
6,0.0,0.0,0.0,0.0,0.1179549992084503,1692316800000.0,0.0,0.0,0.0
6,0.0,0.0,0.0,0.0,0.0,1692662400000.0,0.0,0.0,0.0
6,0.0,0.0,0.0,0.0,0.1066524982452392,1693008000000.0,0.0,0.0,0.0
6,0.0,0.0,0.0,0.0,0.0,1693353600000.0,0.0,0.0,0.0
6,0.0,0.0,0.0,0.0,0.0,1693699200000.0,0.0,0.0,0.0
6,0.0,0.0,0.0,0.0,0.0,1694044800000.0,0.0,0.0,0.0
6,0.0,0.0,0.0,0.0,0.0995025038719177,1694390400000.0,0.0,0.0,0.0
7,0.0689755057860062,-0.0097681719350203,0.0066560094313827,0.0807405332766088,0.0,1654214400000.0,0.1,0.7999999999999999,0.1
7,0.0689755057860062,-0.0097681719350203,0.0066560094313827,0.0806341861964349,0.0,1654560000000.0,0.1,0.7999999999999999,0.1
7,0.0689755057860062,-0.0097681719350203,0.0066560094313827,0.0804726606626392,0.0,1654905600000.0,0.1,0.7999999999999999,0.1
7,0.0689755057860062,-0.0097681719350203,0.0066560094313827,0.0802567211467454,0.0,1655251200000.0,0.1,0.7999999999999999,0.1
7,0.0689755057860062,-0.0097681719350203,0.0066560094313827,0.0799873896519428,0.0,1655596800000.0,0.1,0.7999999999999999,0.1
7,0.0689755057860062,-0.0097681719350203,0.0066560094313827,0.0796659408761278,0.0,1655942400000.0,0.1,0.7999999999999999,0.1
7,0.0682024469541385,-0.0080952000262963,0.0064363519960074,0.0768349964622902,0.0745600014925003,1656288000000.0,0.0577083333333333,0.8845833333333332,0.0577083333333333
7,0.0697147946367893,-0.011315009078343,0.0061702269652502,0.0811492634159205,0.0901250019669532,1656633600000.0,0.0463929213049245,0.9072141573901508,0.0463929213049245
7,0.0697147946367893,-0.011315009078343,0.0061702269652502,0.0807133937419494,0.0,1656979200000.0,0.0463929213049245,0.9072141573901508,0.0463929213049245
7,0.0697147946367893,-0.011315009078343,0.0061702269652502,0.0802254696613677,0.0,1657324800000.0,0.0463929213049245,0.9072141573901508,0.0463929213049245
7,0.0688360500504544,-0.009599504146936,0.0079742751093229,0.0767884874863035,0.0694449990987777,1657670400000.0,0.0436349237415436,0.9127301525169126,0.0436349237415436
7,0.0688360500504544,-0.009599504146936,0.0079742751093229,0.0761084124634536,0.0,1658016000000.0,0.0436349237415436,0.9127301525169126,0.0436349237415436
7,0.0682123902962972,-0.0085923821346346,0.0100593961050204,0.0731511753743925,0.0665849968791008,1658361600000.0,0.0429783334510541,0.9140433330978917,0.0429783334510541
7,0.0688834435502416,-0.0094855037628422,0.007450793771499,0.0747910165009441,0.083415001630783,1658707200000.0,0.0428229018322208,0.9143541963355584,0.0428229018322208
7,0.0688834435502416,-0.0094855037628422,0.007450793771499,0.0740540001183753,0.0,1659052800000.0,0.0428229018322208,0.9143541963355584,0.0428229018322208
7,0.0695080331078858,-0.0099374828861696,0.0043324879551742,0.0758853365785836,0.0847349986433982,1659398400000.0,0.0427861565395771,0.9144276869208458,0.0427861565395771
7,0.0689372241724038,-0.0097309151140887,0.007305365828871,0.0728486075892589,0.0636425018310546,1659744000000.0,0.0427774724107989,0.914445055178402,0.0427774724107989
7,0.0691119125573448,-0.0097291260087818,0.0063804332198339,0.0727936216054763,0.0758524984121322,1660089600000.0,0.0427754202176664,0.9144491595646672,0.0427754202176664
7,0.0691119125573448,-0.0097291260087818,0.0063804332198339,0.0720260766223757,0.0,1660435200000.0,0.0427754202176664,0.9144491595646672,0.0427754202176664
7,0.0691081666086082,-0.009731707688201,0.006400845183566,0.0712280534437802,0.0711499974131584,1660780800000.0,0.0427749352614754,0.9144501294770492,0.0427749352614754
7,0.0686623025269987,-0.0101523122907615,0.0086805734940842,0.0685098618692916,0.060479998588562,1661126400000.0,0.0427748206613832,0.9144503586772336,0.0427748206613832
7,0.0688027958461586,-0.0099898789167016,0.0080206600973115,0.0681713783569838,0.0707375034689903,1661472000000.0,0.0427747935802398,0.9144504128395202,0.0427747935802398
7,0.0694028195242406,-0.0091965352987585,0.00548071701371,0.0696269721527484,0.0806374996900558,1661817600000.0,0.0427747871806974,0.9144504256386052,0.0427747871806974
7,0.0695925756036267,-0.0089229225006038,0.0047689773462853,0.0695797530187079,0.0729925036430358,1662163200000.0,0.0427747856684222,0.9144504286631556,0.0427747856684222
7,0.0690154445185062,-0.0098000952753724,0.0066587117769148,0.0669404095596027,0.0568225011229515,1662508800000.0,0.0427747853110566,0.9144504293778866,0.0427747853110566
7,0.0690154445185062,-0.0098000952753724,0.0066587117769148,0.0661432884567038,0.0,1662854400000.0,0.0427747853110566,0.9144504293778866,0.0427747853110566
7,0.0690154445185062,-0.0098000952753724,0.0066587117769148,0.0808145713507917,0.0,1685750400000.0,0.0427747853110566,0.9144504293778866,0.0427747853110566
7,0.0948752840157171,-0.0248534837974681,0.054135109279995,0.1403017052758201,0.282143771648407,1686096000000.0,0.1802409964612368,0.7527728134536634,0.0669861900850997
7,0.0948752840157171,-0.0248534837974681,0.054135109279995,0.137544920396245,0.0,1686441600000.0,0.1802409964612368,0.7527728134536634,0.0669861900850997
7,0.0948752840157171,-0.0248534837974681,0.054135109279995,0.1345861877430635,0.0,1686787200000.0,0.1802409964612368,0.7527728134536634,0.0669861900850997
7,0.0948752840157171,-0.0248534837974681,0.054135109279995,0.1314395104698684,0.0,1687132800000.0,0.1802409964612368,0.7527728134536634,0.0669861900850997
7,0.1393348866146515,-0.037575959570084,0.0691255456434445,0.1875492159083779,0.2769324779510498,1687478400000.0,0.4741075392957098,0.4550337251508025,0.0708587355534878
7,0.1393348866146515,-0.037575959570084,0.0691255456434445,0.183160323992804,0.0,1687824000000.0,0.4741075392957098,0.4550337251508025,0.0708587355534878
7,0.1808376053830855,-0.0455102207920276,0.0726255389587524,0.2280829500161051,0.2870799899101257,1688169600000.0,0.7509818296704021,0.1911148004558508,0.057903369873747
7,0.1808376053830855,-0.0455102207920276,0.0726255389587524,0.2230545666758119,0.0,1688515200000.0,0.7509818296704021,0.1911148004558508,0.057903369873747
7,0.2104004334496534,-0.0498200209729471,0.0718762848426042,0.251756144922887,0.2888950109481811,1688860800000.0,0.8697964522839263,0.0820961940003779,0.0481073537156957
7,0.2104004334496534,-0.0498200209729471,0.0718762848426042,0.2463601714039205,0.0,1689206400000.0,0.8697964522839263,0.0820961940003779,0.0481073537156957
7,0.2246753231863917,-0.051435588294811,0.0706264911942146,0.2569443843472911,0.2739762663841247,1689552000000.0,0.9034944646969296,0.0521473947878475,0.0443581405152227
7,0.2246753231863917,-0.051435588294811,0.0706264911942146,0.2512855614329537,0.0,1689897600000.0,0.9034944646969296,0.0521473947878475,0.0443581405152227
7,0.2328503758620492,-0.0521173261494112,0.0695852190848227,0.254701414702899,0.2642000019550323,1690243200000.0,0.9118378017755584,0.0449485838658307,0.043213614358611
7,0.2328503758620492,-0.0521173261494112,0.0695852190848227,0.2488641422704487,0.0,1690588800000.0,0.9118378017755584,0.0449485838658307,0.043213614358611
7,0.2474841127438268,-0.0528908906512754,0.0673300761380791,0.2593866905432754,0.2763000130653381,1690934400000.0,0.913831705618083,0.0432760362891691,0.0428922580927478
7,0.2474841127438268,-0.0528908906512754,0.0673300761380791,0.2535288984644996,0.0,1691280000000.0,0.913831705618083,0.0432760362891691,0.0428922580927478
7,0.2525837642071391,-0.0529950668074452,0.0664547874197592,0.2533636166971202,0.2591400146484375,1691625600000.0,0.9143041443002836,0.0428903041548485,0.0428055515448677
7,0.2525837642071391,-0.0529950668074452,0.0664547874197592,0.247517974689755,0.0,1691971200000.0,0.9143041443002836,0.0428903041548485,0.0428055515448677
7,0.262653184652264,-0.0528547391249216,0.064625991261417,0.2529821037501425,0.2644475102424621,1692316800000.0,0.914415856762073,0.0428014262458621,0.0427827169920648
7,0.262653184652264,-0.0528547391249216,0.064625991261417,0.2473034747185397,0.0,1692662400000.0,0.914415856762073,0.0428014262458621,0.0427827169920648
7,0.2715273037348738,-0.0524137950754674,0.0629865240563419,0.2516345235330799,0.2616837620735168,1693008000000.0,0.9144422594626428,0.0427809351248668,0.0427768054124904
7,0.2715273037348738,-0.0524137950754674,0.0629865240563419,0.2462162252896156,0.0,1693353600000.0,0.9144422594626428,0.0427809351248668,0.0427768054124904
7,0.2715273037348738,-0.0524137950754674,0.0629865240563419,0.2409177198630864,0.0,1693699200000.0,0.9144422594626428,0.0427809351248668,0.0427768054124904
7,0.2715273037348738,-0.0524137950754674,0.0629865240563419,0.2357640841340348,0.0,1694044800000.0,0.9144422594626428,0.0427809351248668,0.0427768054124904
7,0.281274636577797,-0.0506943402370951,0.0609185622710445,0.2418653427275356,0.2525262534618377,1694390400000.0,0.9144484989020008,0.0427762063168471,0.0427752947811522
8,0.2304779952496876,0.0412172973926887,0.0278078905740222,0.2076992832774351,0.0,1654214400000.0,0.1,0.7999999999999999,0.1
8,0.2304779952496876,0.0412172973926887,0.0278078905740222,0.2047145093554521,0.0,1654560000000.0,0.1,0.7999999999999999,0.1
8,0.2304779952496876,0.0412172973926887,0.0278078905740222,0.2018516694141169,0.0,1654905600000.0,0.1,0.7999999999999999,0.1
8,0.2304779952496876,0.0412172973926887,0.0278078905740222,0.1991243127639327,0.0,1655251200000.0,0.1,0.7999999999999999,0.1
8,0.2304779952496876,0.0412172973926887,0.0278078905740222,0.1965453474971639,0.0,1655596800000.0,0.1,0.7999999999999999,0.1
8,0.2304779952496876,0.0412172973926887,0.0278078905740222,0.1941269793961431,0.0,1655942400000.0,0.1,0.7999999999999999,0.1
8,0.2286797600988946,0.0451088471280284,0.0272969388777967,0.1861609343711184,0.1808474957942962,1656288000000.0,0.0577083333333333,0.8845833333333332,0.0577083333333333
8,0.2310742172292917,0.0400110149088673,0.0268755906754066,0.1916008909132918,0.2057899981737136,1656633600000.0,0.0463929213049245,0.9072141573901508,0.0463929213049245
8,0.2310742172292917,0.0400110149088673,0.0268755906754066,0.1897925936446482,0.0,1656979200000.0,0.0463929213049245,0.9072141573901508,0.0463929213049245
8,0.2310742172292917,0.0400110149088673,0.0268755906754066,0.1881796749327713,0.0,1657324800000.0,0.0463929213049245,0.9072141573901508,0.0463929213049245
8,0.2301094760591103,0.0418944043040503,0.0288561883879176,0.1835867200179167,0.1755124926567077,1657670400000.0,0.0436349237415436,0.9127301525169126,0.0436349237415436
8,0.2310927115206306,0.0401700150524849,0.0262122141984333,0.1856018695495516,0.1962475031614303,1658016000000.0,0.0429783334510541,0.9140433330978917,0.0429783334510541
8,0.2302449713640108,0.0414337144603868,0.0290591225266457,0.1817110893783413,0.1706175059080124,1658361600000.0,0.0428229018322208,0.9143541963355584,0.0428229018322208
8,0.2307323610373984,0.0408627914377399,0.027110144291323,0.1826013546309024,0.1898950040340423,1658707200000.0,0.0427861565395771,0.9144276869208458,0.0427861565395771
8,0.2302514465995175,0.041252618333255,0.0293009644092397,0.1802634752831149,0.1722674965858459,1659052800000.0,0.0427774724107989,0.914445055178402,0.0427774724107989
8,0.2309595817515811,0.0409501297413773,0.0257709967397136,0.1825982792023168,0.1952850073575973,1659398400000.0,0.0427754202176664,0.9144491595646672,0.0427754202176664
8,0.230370454685618,0.040974765793407,0.0288691691339223,0.1802520685103779,0.1691049933433532,1659744000000.0,0.0427749352614754,0.9144501294770492,0.0427749352614754
8,0.2306293309701632,0.0410590168491485,0.0274797510239347,0.1813754669119158,0.1864574998617172,1660089600000.0,0.0427748206613832,0.9144503586772336,0.0427748206613832
8,0.2301300594137256,0.0407306105324938,0.030133712850044,0.1797184974677954,0.1697375029325485,1660435200000.0,0.0427747935802398,0.9144504128395202,0.0427747935802398
8,0.2305087145515836,0.0410877307995162,0.0281932802764132,0.1817177708667478,0.1893450021743774,1660780800000.0,0.0427747871806974,0.9144504256386052,0.0427747871806974
8,0.2302341312144968,0.0407650677435404,0.0295175073388763,0.1814454021034517,0.1759800016880035,1661126400000.0,0.0427747856684222,0.9144504286631556,0.0427747856684222
8,0.2305484672088386,0.0411902374562713,0.0281209902774909,0.1836061164640369,0.1897850036621093,1661472000000.0,0.0427747853110566,0.9144504293778866,0.0427747853110566
8,0.2305484672088386,0.0411902374562713,0.0281209902774909,0.1848755542735498,0.0,1661817600000.0,0.0427747853110566,0.9144504293778866,0.0427747853110566
8,0.2310697402842695,0.0420558648196914,0.0260966326526605,0.1882619363203206,0.1970999985933303,1662163200000.0,0.0427747852266076,0.9144504295467848,0.0427747852266076
8,0.2305067792400758,0.0411099631826004,0.0280137829967709,0.188144840997041,0.1787849962711334,1662508800000.0,0.0427747852066515,0.9144504295866968,0.0427747852066515
8,0.2305067792400758,0.0411099631826004,0.0280137829967709,0.1900383447529187,0.0,1662854400000.0,0.0427747852066515,0.9144504295866968,0.0427747852066515
8,0.2305067792400758,0.0411099631826004,0.0280137829967709,0.2081144811129966,0.0,1685750400000.0,0.0427747852066515,0.9144504295866968,0.0427747852066515
8,0.2285872779043754,0.0420645781001185,0.0244284530122727,0.2008115872056857,0.1904037445783615,1686096000000.0,0.0427747852019356,0.9144504295961288,0.0427747852019356
8,0.2285872779043754,0.0420645781001185,0.0244284530122727,0.1981316923666299,0.0,1686441600000.0,0.0427747852019356,0.9144504295961288,0.0427747852019356
8,0.2285872779043754,0.0420645781001185,0.0244284530122727,0.1955959383784213,0.0,1686787200000.0,0.0427747852019356,0.9144504295961288,0.0427747852019356
8,0.2285872779043754,0.0420645781001185,0.0244284530122727,0.1932163265121219,0.0,1687132800000.0,0.0427747852019356,0.9144504295961288,0.0427747852019356
8,0.2277453745028209,0.0429359590773941,0.0228063058198544,0.1890410517442282,0.1793074905872345,1687478400000.0,0.0427747852008212,0.9144504295983574,0.0427747852008212
8,0.2277453745028209,0.0429359590773941,0.0228063058198544,0.1871098022365228,0.0,1687824000000.0,0.0427747852008212,0.9144504295983574,0.0427747852008212
8,0.2277061444026143,0.042990088187111,0.0227381607549484,0.1852758896622752,0.1845737397670745,1688169600000.0,0.0427747852005579,0.914450429598884,0.0427747852005579
8,0.2277061444026143,0.042990088187111,0.0227381607549484,0.1837422383034525,0.0,1688515200000.0,0.0427747852005579,0.914450429598884,0.0427747852005579
8,0.2278980951514368,0.0426608554890706,0.022979420734808,0.1829083892336659,0.1874199956655502,1688860800000.0,0.0427747852004957,0.9144504295990084,0.0427747852004957
8,0.2278980951514368,0.0426608554890706,0.022979420734808,0.1817774031985489,0.0,1689206400000.0,0.0427747852004957,0.9144504295990084,0.0427747852004957
8,0.227834847001486,0.0427781959203874,0.0229544477641991,0.1806939976976316,0.1787987500429153,1689552000000.0,0.0427747852004809,0.914450429599038,0.0427747852004809
8,0.227834847001486,0.0427781959203874,0.0229544477641991,0.1800078158150631,0.0,1689897600000.0,0.0427747852004809,0.914450429599038,0.0427747852004809
8,0.2277871128740044,0.0428543573425747,0.0229867078084757,0.1794175504615802,0.1778637468814849,1690243200000.0,0.0427747852004775,0.9144504295990448,0.0427747852004775
8,0.2277871128740044,0.0428543573425747,0.0229867078084757,0.1791863865930922,0.0,1690588800000.0,0.0427747852004775,0.9144504295990448,0.0427747852004775
8,0.2279852484954654,0.0426597212475802,0.0226859904553098,0.1797027506146825,0.1857150048017501,1690934400000.0,0.0427747852004767,0.9144504295990464,0.0427747852004767
8,0.2279852484954654,0.0426597212475802,0.0226859904553098,0.1799420267668819,0.0,1691280000000.0,0.0427747852004767,0.9144504295990464,0.0427747852004767
8,0.2282863721115658,0.0425681317732814,0.0221194154926002,0.1811311065749574,0.1888087391853332,1691625600000.0,0.0427747852004765,0.9144504295990468,0.0427747852004765
8,0.2282863721115658,0.0425681317732814,0.0221194154926002,0.1818487340646922,0.0,1691971200000.0,0.0427747852004765,0.9144504295990468,0.0427747852004765
8,0.2284883118765434,0.0426151400462179,0.0217421180948443,0.1832264721817109,0.1873649954795837,1692316800000.0,0.0427747852004764,0.9144504295990472,0.0427747852004764
8,0.2284883118765434,0.0426151400462179,0.0217421180948443,0.1843990261113793,0.0,1692662400000.0,0.0427747852004764,0.9144504295990472,0.0427747852004764
8,0.2289792576890539,0.0429073492964998,0.0209228444238479,0.1867599239299113,0.1947900056838989,1693008000000.0,0.0427747852004764,0.9144504295990472,0.0427747852004764
8,0.2289792576890539,0.0429073492964998,0.0209228444238479,0.1883915894887202,0.0,1693353600000.0,0.0427747852004764,0.9144504295990472,0.0427747852004764
8,0.2289792576890539,0.0429073492964998,0.0209228444238479,0.1902153492373138,0.0,1693699200000.0,0.0427747852004764,0.9144504295990472,0.0427747852004764
8,0.2289792576890539,0.0429073492964998,0.0209228444238479,0.1922225716462944,0.0,1694044800000.0,0.0427747852004764,0.9144504295990472,0.0427747852004764
8,0.2284407594670562,0.042375327642799,0.0215759513038436,0.1934387508369918,0.1878462433815002,1694390400000.0,0.0427747852004764,0.9144504295990472,0.0427747852004764
9,0.0944544513895117,-0.0281784284203008,0.0103933696778472,0.1241601025192233,0.0,1654214400000.0,0.1,0.7999999999999999,0.1
9,0.0944544513895117,-0.0281784284203008,0.0103933696778472,0.1243943544141025,0.0,1654560000000.0,0.1,0.7999999999999999,0.1
9,0.0944544513895117,-0.0281784284203008,0.0103933696778472,0.1244869060914337,0.0,1654905600000.0,0.1,0.7999999999999999,0.1
9,0.0944544513895117,-0.0281784284203008,0.0103933696778472,0.1244373195206463,0.0,1655251200000.0,0.1,0.7999999999999999,0.1
9,0.0944544513895117,-0.0281784284203008,0.0103933696778472,0.1242458293861298,0.0,1655596800000.0,0.1,0.7999999999999999,0.1
9,0.0944544513895117,-0.0281784284203008,0.0103933696778472,0.1239133419765151,0.0,1655942400000.0,0.1,0.7999999999999999,0.1
9,0.0944544513895117,-0.0281784284203008,0.0103933696778472,0.1234414308953718,0.0,1656288000000.0,0.1,0.7999999999999999,0.1
9,0.0937883066570141,-0.0267315625148519,0.0103531906502504,0.1207188080331056,0.1187525019049644,1656633600000.0,0.0577083333333333,0.8845833333333332,0.0577083333333333
9,0.0937883066570141,-0.0267315625148519,0.0103531906502504,0.1199796249274052,0.0,1656979200000.0,0.0577083333333333,0.8845833333333332,0.0577083333333333
9,0.0937883066570141,-0.0267315625148519,0.0103531906502504,0.1191164829867771,0.0,1657324800000.0,0.0577083333333333,0.8845833333333332,0.0577083333333333
9,0.0937883066570141,-0.0267315625148519,0.0103531906502504,0.1181334673079785,0.0,1657670400000.0,0.0577083333333333,0.8845833333333332,0.0577083333333333
9,0.0948154790818193,-0.0287676743002639,0.0086146904793496,0.1204718069902385,0.126397505402565,1658016000000.0,0.0463929213049245,0.9072141573901508,0.0463929213049245
9,0.0948154790818193,-0.0287676743002639,0.0086146904793496,0.119338111605783,0.0,1658361600000.0,0.0463929213049245,0.9072141573901508,0.0463929213049245
9,0.0946410966446846,-0.0284807261248966,0.0091003815630812,0.1174628530196692,0.1159474998712539,1658707200000.0,0.0436349237415436,0.9127301525169126,0.0436349237415436
9,0.0946410966446846,-0.0284807261248966,0.0091003815630812,0.1160807294396309,0.0,1659052800000.0,0.0436349237415436,0.9127301525169126,0.0436349237415436
9,0.0946669033077526,-0.0285093620032673,0.008998609995147,0.1146991540115016,0.1149574965238571,1659398400000.0,0.0429783334510541,0.9140433330978917,0.0429783334510541
9,0.0946669033077526,-0.0285093620032673,0.008998609995147,0.1131259697896762,0.0,1659744000000.0,0.0429783334510541,0.9140433330978917,0.0429783334510541
9,0.0948252194195777,-0.0285741600385628,0.0082190530437652,0.1121576924965563,0.11421500146389,1660089600000.0,0.0428229018322208,0.9143541963355584,0.0428229018322208
9,0.0948252194195777,-0.0285741600385628,0.0082190530437652,0.1104556815565437,0.0,1660435200000.0,0.0428229018322208,0.9143541963355584,0.0428229018322208
9,0.0942013804202613,-0.0287988607552214,0.0116495681016913,0.1057362631916304,0.0965050011873245,1660780800000.0,0.0427861565395771,0.9144276869208458,0.0427861565395771
9,0.0942013804202613,-0.0287988607552214,0.0116495681016913,0.1037257357702305,0.0,1661126400000.0,0.0427861565395771,0.9144276869208458,0.0427861565395771
9,0.0940030049734867,-0.0290110303140333,0.0127502160505748,0.1007050978380811,0.0975774973630905,1661472000000.0,0.0427774724107989,0.914445055178402,0.0427774724107989
9,0.0940030049734867,-0.0290110303140333,0.0127502160505748,0.0985597366583622,0.0,1661817600000.0,0.0427774724107989,0.914445055178402,0.0427774724107989
9,0.0944902862981281,-0.0282264732755067,0.0102580869797631,0.0987105478686483,0.106294997036457,1662163200000.0,0.0427754202176664,0.9144491595646672,0.0427754202176664
9,0.0944902862981281,-0.0282264732755067,0.0102580869797631,0.0966561588208775,0.0,1662508800000.0,0.0427754202176664,0.9144491595646672,0.0427754202176664
9,0.0944902862981281,-0.0282264732755067,0.0102580869797631,0.0945915190850063,0.0,1662854400000.0,0.0427754202176664,0.9144491595646672,0.0427754202176664
9,0.0944902862981281,-0.0282264732755067,0.0102580869797631,0.124152849166828,0.0,1685750400000.0,0.0427754202176664,0.9144491595646672,0.0427754202176664
9,0.0963807773334442,-0.0302354709890241,0.0149659618664634,0.1301087723308135,0.1407800018787384,1686096000000.0,0.0427749352614754,0.9144501294770492,0.0427749352614754
9,0.0963807773334442,-0.0302354709890241,0.0149659618664634,0.1299763224862326,0.0,1686441600000.0,0.0427749352614754,0.9144501294770492,0.0427749352614754
9,0.0963807773334442,-0.0302354709890241,0.0149659618664634,0.1296848709223449,0.0,1686787200000.0,0.0427749352614754,0.9144501294770492,0.0427749352614754
9,0.0963807773334442,-0.0302354709890241,0.0149659618664634,0.1292357970273858,0.0,1687132800000.0,0.0427749352614754,0.9144501294770492,0.0427749352614754
9,0.0963807773334442,-0.0302354709890241,0.0149659618664634,0.1286312261879529,0.0,1687478400000.0,0.0427749352614754,0.9144501294770492,0.0427749352614754
9,0.0963807773334442,-0.0302354709890241,0.0149659618664634,0.1278740197299294,0.0,1687824000000.0,0.0427749352614754,0.9144501294770492,0.0427749352614754
9,0.0961137047260078,-0.0296081958015806,0.01434777784145,0.1260587138369495,0.121639996767044,1688169600000.0,0.0427748206613832,0.9144503586772336,0.0427748206613832
9,0.0961137047260078,-0.0296081958015806,0.01434777784145,0.1250506644976265,0.0,1688515200000.0,0.0427748206613832,0.9144503586772336,0.0427748206613832
9,0.0959190112405366,-0.0290850583706029,0.0140425079303963,0.1232257860851523,0.1186425015330314,1688860800000.0,0.0427747935802398,0.9144504128395202,0.0427747935802398
9,0.0959190112405366,-0.0290850583706029,0.0140425079303963,0.121975325832922,0.0,1689206400000.0,0.0427747935802398,0.9144504128395202,0.0427747935802398
9,0.0959130191423024,-0.0290689137681469,0.0140407668120678,0.1205803482558124,0.1203749999403953,1689552000000.0,0.0427747871806974,0.9144504256386052,0.0427747871806974
9,0.0959130191423024,-0.0290689137681469,0.0140407668120678,0.1190901778944649,0.0,1689897600000.0,0.0427747871806974,0.9144504256386052,0.0427747871806974
9,0.0963357507058062,-0.0299834389730681,0.0135309241264417,0.1189525826772891,0.132310003042221,1690243200000.0,0.0427747856684222,0.9144504286631556,0.0427747856684222
9,0.0963357507058062,-0.0299834389730681,0.0135309241264417,0.1172567411618538,0.0,1690588800000.0,0.0427747856684222,0.9144504286631556,0.0427747856684222
9,0.0961001531288916,-0.0296870166495423,0.014077471024157,0.1146953962749017,0.1077250018715858,1690934400000.0,0.0427747853110566,0.9144504293778866,0.0427747853110566
9,0.0961001531288916,-0.0296870166495423,0.014077471024157,0.1127890242056044,0.0,1691280000000.0,0.0427747853110566,0.9144504293778866,0.0427747853110566
9,0.0957586717574543,-0.0295631916166832,0.0150261956721797,0.1097799862200202,0.1012625023722648,1691625600000.0,0.0427747852266076,0.9144504295467848,0.0427747852266076
9,0.0957586717574543,-0.0295631916166832,0.0150261956721797,0.1076805310488561,0.0,1691971200000.0,0.0427747852266076,0.9144504295467848,0.0427747852266076
9,0.0957586717574543,-0.0295631916166832,0.0150261956721797,0.1055246518453972,0.0,1692316800000.0,0.0427747852266076,0.9144504295467848,0.0427747852266076
9,0.0957586717574543,-0.0295631916166832,0.0150261956721797,0.1033225520011467,0.0,1692662400000.0,0.0427747852266076,0.9144504295467848,0.0427747852266076
9,0.0953240383756869,-0.029892193802575,0.0161780318885853,0.0999145944309171,0.0929849967360496,1693008000000.0,0.0427747852066515,0.9144504295866968,0.0427747852066515
9,0.0953240383756869,-0.029892193802575,0.0161780318885853,0.0975882164628083,0.0,1693353600000.0,0.0427747852066515,0.9144504295866968,0.0427747852066515
9,0.0953240383756869,-0.029892193802575,0.0161780318885853,0.0952511225439083,0.0,1693699200000.0,0.0427747852066515,0.9144504295866968,0.0427747852066515
9,0.0953240383756869,-0.029892193802575,0.0161780318885853,0.0929143737226265,0.0,1694044800000.0,0.0427747852066515,0.9144504295866968,0.0427747852066515
9,0.0959922409604305,-0.0290968860878198,0.0148699565369836,0.0922057317907682,0.099200002849102,1694390400000.0,0.0427747852019356,0.9144504295961288,0.0427747852019356
10,0.1820468054106408,0.002380277050337,0.0607486845809465,0.2091576145688784,0.0,1654214400000.0,0.1,0.7999999999999999,0.1
10,0.1820468054106408,0.002380277050337,0.0607486845809465,0.2053521165044654,0.0,1654560000000.0,0.1,0.7999999999999999,0.1
10,0.1820468054106408,0.002380277050337,0.0607486845809465,0.2014363185620162,0.0,1654905600000.0,0.1,0.7999999999999999,0.1
10,0.1820468054106408,0.002380277050337,0.0607486845809465,0.197428753514329,0.0,1655251200000.0,0.1,0.7999999999999999,0.1
10,0.1820468054106408,0.002380277050337,0.0607486845809465,0.1933483884515303,0.0,1655596800000.0,0.1,0.7999999999999999,0.1
10,0.1820468054106408,0.002380277050337,0.0607486845809465,0.1892145350132281,0.0,1655942400000.0,0.1,0.7999999999999999,0.1
10,0.1820468054106408,0.002380277050337,0.0607486845809465,0.1850467579899634,0.0,1656288000000.0,0.1,0.7999999999999999,0.1
10,0.183515004368426,-0.0008086500863682,0.0608372401208533,0.1855230349507179,0.1897574961185455,1656633600000.0,0.0577083333333333,0.8845833333333332,0.0577083333333333
10,0.183515004368426,-0.0008086500863682,0.0608372401208533,0.1813373406461996,0.0,1656979200000.0,0.0577083333333333,0.8845833333333332,0.0577083333333333
10,0.183515004368426,-0.0008086500863682,0.0608372401208533,0.1771619528354246,0.0,1657324800000.0,0.0577083333333333,0.8845833333333332,0.0577083333333333
10,0.183515004368426,-0.0008086500863682,0.0608372401208533,0.1730166328837061,0.0,1657670400000.0,0.0577083333333333,0.8845833333333332,0.0577083333333333
10,0.1812760098184168,0.00362959521759,0.064626762029578,0.161430070158619,0.1483975052833557,1658016000000.0,0.0463929213049245,0.9072141573901508,0.0463929213049245
10,0.1812760098184168,0.00362959521759,0.064626762029578,0.1572409734679559,0.0,1658361600000.0,0.0463929213049245,0.9072141573901508,0.0463929213049245
10,0.181951242774515,0.0025184921278294,0.0627460988641384,0.1555876605573359,0.1612949967384338,1658707200000.0,0.0436349237415436,0.9127301525169126,0.0436349237415436
10,0.181951242774515,0.0025184921278294,0.0627460988641384,0.1517313999948293,0.0,1659052800000.0,0.0436349237415436,0.9127301525169126,0.0436349237415436
10,0.1814314234776822,0.00309529983519,0.0647960665310904,0.1459632308819927,0.1401475071907043,1659398400000.0,0.0429783334510541,0.9140433330978917,0.0429783334510541
10,0.1814314234776822,0.00309529983519,0.0647960665310904,0.1423127470879405,0.0,1659744000000.0,0.0429783334510541,0.9140433330978917,0.0429783334510541
10,0.1820382340197103,0.0028469351522356,0.0618080991615258,0.1415008113434133,0.1494424939155578,1660089600000.0,0.0428229018322208,0.9143541963355584,0.0428229018322208
10,0.1820382340197103,0.0028469351522356,0.0618080991615258,0.1383828198816787,0.0,1660435200000.0,0.0428229018322208,0.9143541963355584,0.0428229018322208
10,0.1827430533824529,0.0031008042051431,0.0579322699176724,0.1387969589143847,0.1491400003433227,1660780800000.0,0.0427861565395771,0.9144276869208458,0.0427861565395771
10,0.1827430533824529,0.0031008042051431,0.0579322699176724,0.1362968764772266,0.0,1661126400000.0,0.0427861565395771,0.9144276869208458,0.0427861565395771
10,0.1826143887869526,0.002963192868126,0.058646140638237,0.1333907031826504,0.131347507238388,1661472000000.0,0.0427774724107989,0.914445055178402,0.0427774724107989
10,0.1826143887869526,0.002963192868126,0.058646140638237,0.1313057669161831,0.0,1661817600000.0,0.0427774724107989,0.914445055178402,0.0427774724107989
10,0.1824238219082442,0.0026563668552252,0.0596207670693085,0.1285572397203152,0.1255449950695037,1662163200000.0,0.0427754202176664,0.9144491595646672,0.0427754202176664
10,0.1824238219082442,0.0026563668552252,0.0596207670693085,0.1269182558573133,0.0,1662508800000.0,0.0427754202176664,0.9144491595646672,0.0427754202176664
10,0.1821571575228389,0.0021397027260208,0.0607847199480981,0.1243608105956005,0.1203199997544288,1662854400000.0,0.0427749352614754,0.9144501294770492,0.0427749352614754
10,0.1821571575228389,0.0021397027260208,0.0607847199480981,0.2097327061659314,0.0,1685750400000.0,0.0427749352614754,0.9144501294770492,0.0427749352614754
10,0.1821571575228389,0.0021397027260208,0.0607847199480981,0.2059401107222663,0.0,1686096000000.0,0.0427749352614754,0.9144501294770492,0.0427749352614754
10,0.1786028393958099,0.0057404779614656,0.0531403195281543,0.1923701600532955,0.1719924956560135,1686441600000.0,0.0427748206613832,0.9144503586772336,0.0427748206613832
10,0.1786028393958099,0.0057404779614656,0.0531403195281543,0.1887866720429403,0.0,1686787200000.0,0.0427748206613832,0.9144503586772336,0.0427748206613832
10,0.1793764577703144,0.0047055977341517,0.0547867468739819,0.1873122675339889,0.1950512528419494,1687132800000.0,0.0461857957663748,0.9103546883772894,0.0434595158563357
10,0.1793764577703144,0.0047055977341517,0.0547867468739819,0.183552347067102,0.0,1687478400000.0,0.0461857957663748,0.9103546883772894,0.0434595158563357
10,0.1794855986214131,0.0045100360568705,0.0550005106057908,0.1800963491641173,0.1817550063133239,1687824000000.0,0.0435622579617249,0.9134792825226516,0.0429584595156236
10,0.1784085006381554,0.0066479897504017,0.0531832060104608,0.173042715243507,0.1512024998664856,1688169600000.0,0.0429563131494184,0.91422075384562,0.0428229330049612
10,0.1791463097039095,0.0050582455837066,0.0541385902000111,0.1716721080908392,0.1897162497043609,1688515200000.0,0.0462425414315127,0.9102848148111052,0.0434726437573818
10,0.1786188720933323,0.0062510273297477,0.0537275108434367,0.1663208194815517,0.1511750072240829,1688860800000.0,0.0435754182892324,0.913462657542303,0.0429619241684646
10,0.1794838338064522,0.004291781049076,0.0538740609164422,0.1654935261423089,0.1929062604904174,1689206400000.0,0.0464359936345347,0.9100527057775734,0.0435113005878918
10,0.1791202878348162,0.0050701121358695,0.0540457703974786,0.160777326853458,0.1484525054693222,1689552000000.0,0.0436202427803061,0.9134074181489064,0.0429723390707873
10,0.1796034917037741,0.004155131855712,0.0535308828568753,0.1588217480476521,0.1752512454986572,1689897600000.0,0.0429696941274302,0.9142037433167864,0.0428265625557834
10,0.1790126046847034,0.0050751558407155,0.0544420668343509,0.1536794405775649,0.1339875012636184,1690243200000.0,0.0428197378940601,0.9143921233196142,0.0427881387863256
10,0.1790126046847034,0.0050751558407155,0.0544420668343509,0.150407847622899,0.0,1690588800000.0,0.0428197378940601,0.9143921233196142,0.0427881387863256
10,0.1780769227139973,0.0059412788650434,0.0565764346055987,0.1445147316471558,0.1163600012660026,1690934400000.0,0.0434706134674999,0.9103390002903484,0.0461903862421516
10,0.1785431826195128,0.0056849731800163,0.0555060812859791,0.1427147063734141,0.1552999913692474,1691280000000.0,0.0429610424265775,0.913475550031992,0.0435634075414303
10,0.1785590775367863,0.0056813500678169,0.0554707443164576,0.1398991403794945,0.1402300000190735,1691625600000.0,0.0428235328339613,0.9142198704027756,0.0429565967632629
10,0.1787210905073755,0.005687591264998,0.0551311222553254,0.1376124088106694,0.1411100029945373,1691971200000.0,0.0427873440510928,0.914395935811104,0.0428167201378029
10,0.1787210905073755,0.005687591264998,0.0551311222553254,0.1351538357379295,0.0,1692316800000.0,0.0427873440510928,0.914395935811104,0.0428167201378029
10,0.1795350457481206,0.0060518595493803,0.0535784396442482,0.1346678507730832,0.1489199995994568,1692662400000.0,0.0427779820407077,0.914437551598851,0.0427844663604412
10,0.1782788257665547,0.0053254782645579,0.0557258952286124,0.1301574105776568,0.1098425015807151,1693008000000.0,0.0427755911836601,0.9144473863679032,0.0427770224484367
10,0.1786248330343327,0.0055613667988652,0.0552007612222603,0.1289690897668995,0.1340975016355514,1693353600000.0,0.0427749868160416,0.9144497104516268,0.0427753027323315
10,0.1786248330343327,0.0055613667988652,0.0552007612222603,0.1273851958053328,0.0,1693699200000.0,0.0427749868160416,0.9144497104516268,0.0427753027323315
10,0.1786248330343327,0.0055613667988652,0.0552007612222603,0.1260438099018736,0.0,1694044800000.0,0.0427749868160416,0.9144497104516268,0.0427753027323315
10,0.1772793938924798,0.0042949222843702,0.0567283301781747,0.1226159746231379,0.107972502708435,1694390400000.0,0.0427748353060647,0.9144502596572992,0.0427749050366361
11,0.0832851283472599,0.0044253330140884,0.0100258375064592,0.0842232664365767,0.0,1654214400000.0,0.1,0.7999999999999999,0.1
11,0.0832851283472599,0.0044253330140884,0.0100258375064592,0.0834703243940338,0.0,1654560000000.0,0.1,0.7999999999999999,0.1
11,0.0832851283472599,0.0044253330140884,0.0100258375064592,0.0827165058516539,0.0,1654905600000.0,0.1,0.7999999999999999,0.1
11,0.0832851283472599,0.0044253330140884,0.0100258375064592,0.0819653784980621,0.0,1655251200000.0,0.1,0.7999999999999999,0.1
11,0.0832851283472599,0.0044253330140884,0.0100258375064592,0.0812204972849664,0.0,1655596800000.0,0.1,0.7999999999999999,0.1
11,0.0832851283472599,0.0044253330140884,0.0100258375064592,0.0804853876022076,0.0,1655942400000.0,0.1,0.7999999999999999,0.1
11,0.0823777027483039,0.0063890872249323,0.0097680010111708,0.0768772430265782,0.0742025002837181,1656288000000.0,0.0577083333333333,0.8845833333333332,0.0577083333333333
11,0.0838776255885363,0.0031957308335719,0.0095040623570045,0.0808699091458864,0.089767500758171,1656633600000.0,0.0463929213049245,0.9072141573901508,0.0463929213049245
11,0.0838776255885363,0.0031957308335719,0.0095040623570045,0.0802193715353579,0.0,1656979200000.0,0.0463929213049245,0.9072141573901508,0.0463929213049245
11,0.0838776255885363,0.0031957308335719,0.0095040623570045,0.0795861477883633,0.0,1657324800000.0,0.0463929213049245,0.9072141573901508,0.0463929213049245
11,0.0830886420203111,0.0047360022880281,0.0111238326111774,0.0763700776669274,0.0697750002145767,1657670400000.0,0.0436349237415436,0.9127301525169126,0.0436349237415436
11,0.0835239109909811,0.0039726315961261,0.0099533704289495,0.077164581091821,0.0818749964237213,1658016000000.0,0.0429783334510541,0.9140433330978917,0.0429783334510541
11,0.0830099768819899,0.0047387368987489,0.0116792805248843,0.0747964451767662,0.068070001900196,1658361600000.0,0.0428229018322208,0.9143541963355584,0.0428229018322208
11,0.0834105126852901,0.004269553565608,0.0100776143310277,0.0756060699218674,0.0816000029444694,1658707200000.0,0.0427861565395771,0.9144276869208458,0.0427861565395771
11,0.083084829445166,0.0045335508100624,0.011561274080725,0.073873706021752,0.0684550032019615,1659052800000.0,0.0427774724107989,0.914445055178402,0.0427774724107989
11,0.0836348679287044,0.0042985951439311,0.0088193990894506,0.0754634116240079,0.0853125005960464,1659398400000.0,0.0427754202176664,0.9144491595646672,0.0427754202176664
11,0.0830906040173838,0.0043213551134043,0.0116816397207832,0.0729312317599089,0.0626249983906745,1659744000000.0,0.0427749352614754,0.9144501294770492,0.0427749352614754
11,0.0833409595142574,0.0044028330864034,0.0103379536357398,0.0734789511573796,0.0783824995160102,1660089600000.0,0.0427748206613832,0.9144503586772336,0.0427748206613832
11,0.0833409595142574,0.0044028330864034,0.0103379536357398,0.0731320391092718,0.0,1660435200000.0,0.0427748206613832,0.9144503586772336,0.0427748206613832
11,0.0834502996165871,0.0045091990349898,0.0097320454781535,0.0733063096356387,0.0753024965524673,1660780800000.0,0.0427747935802398,0.9144504128395202,0.0427747935802398
11,0.0829183320603368,0.0038805452034041,0.0124889543468165,0.0708461067194239,0.0608649998903274,1661126400000.0,0.0427747871806974,0.9144504256386052,0.0427747871806974
11,0.0830164975229776,0.004012656755155,0.0120230329971106,0.0709267661105534,0.0727725028991699,1661472000000.0,0.0427747856684222,0.9144504286631556,0.0427747856684222
11,0.0839565022239656,0.0053893952999565,0.0080134839454403,0.0743047791778418,0.0918300002813339,1661817600000.0,0.0427747853110566,0.9144504293778866,0.0427747853110566
11,0.0839963533130424,0.0054508339853522,0.0078632662165061,0.074493509780416,0.0752200037240982,1662163200000.0,0.0427747852266076,0.9144504295467848,0.0427747852266076
11,0.083315285979771,0.004372699985386,0.0100983697792305,0.0723116603659987,0.060342501848936,1662508800000.0,0.0427747852066515,0.9144504295866968,0.0427747852066515
11,0.083315285979771,0.004372699985386,0.0100983697792305,0.0723285262470018,0.0,1662854400000.0,0.0427747852066515,0.9144504295866968,0.0427747852066515
11,0.083315285979771,0.004372699985386,0.0100983697792305,0.0843821696106532,0.0,1685750400000.0,0.0427747852066515,0.9144504295866968,0.0427747852066515
11,0.0833695678922225,0.004346969965968,0.0101955681332448,0.0837453266717449,0.0840200036764144,1686096000000.0,0.0427747852019356,0.9144504295961288,0.0427747852019356
11,0.0833695678922225,0.004346969965968,0.0101955681332448,0.0829828262439219,0.0,1686441600000.0,0.0427747852019356,0.9144504295961288,0.0427747852019356
11,0.0833695678922225,0.004346969965968,0.0101955681332448,0.0822221561952973,0.0,1686787200000.0,0.0427747852019356,0.9144504295961288,0.0427747852019356
11,0.0833695678922225,0.004346969965968,0.0101955681332448,0.081466916641452,0.0,1687132800000.0,0.0427747852019356,0.9144504295961288,0.0427747852019356
11,0.0832850346542015,0.0044327406466332,0.0100394307417624,0.0805263603367256,0.0795512497425079,1687478400000.0,0.0427747852008212,0.9144504295983574,0.0427747852008212
11,0.0832850346542015,0.0044327406466332,0.0100394307417624,0.0798025679850769,0.0,1687824000000.0,0.0427747852008212,0.9144504295983574,0.0427747852008212
11,0.0831335085750961,0.0046407304341662,0.0097860060308039,0.0787297012488005,0.0761549994349479,1688169600000.0,0.0427747852005579,0.914450429598884,0.0427747852005579
11,0.0831335085750961,0.0046407304341662,0.0097860060308039,0.0780598016047421,0.0,1688515200000.0,0.0427747852005579,0.914450429598884,0.0427747852005579
11,0.0833814981429206,0.0042088540464936,0.0100894422746128,0.0780566209451907,0.0839100033044815,1688860800000.0,0.0427747852004957,0.9144504295990084,0.0427747852004957
11,0.0833814981429206,0.0042088540464936,0.0100894422746128,0.0774127773919224,0.0,1689206400000.0,0.0427747852004957,0.9144504295990084,0.0427747852004957
11,0.0833157686012278,0.0043363065784879,0.0100633683099395,0.0766144796673559,0.0746150016784668,1689552000000.0,0.0427747852004809,0.914450429599038,0.0427747852004809
11,0.0833157686012278,0.0043363065784879,0.0100633683099395,0.0760342385145281,0.0,1689897600000.0,0.0427747852004809,0.914450429599038,0.0427747852004809
11,0.0830664721841184,0.0047679372297467,0.010228837790884,0.0747770212934018,0.0663925036787986,1690243200000.0,0.0427747852004775,0.9144504295990448,0.0427747852004775
11,0.0830664721841184,0.0047679372297467,0.010228837790884,0.0742701026112999,0.0,1690588800000.0,0.0427747852004775,0.9144504295990448,0.0427747852004775
11,0.0830213322537757,0.0048186413685315,0.0102973576721746,0.0736814098223611,0.0722362548112869,1690934400000.0,0.0427747852004767,0.9144504295990464,0.0427747852004767
11,0.0830213322537757,0.0048186413685315,0.0102973576721746,0.0732578199844877,0.0,1691280000000.0,0.0427747852004767,0.9144504295990464,0.0427747852004767
11,0.0828617512876172,0.0048845651376236,0.0105982253225812,0.0724835216460164,0.0682075023651123,1691625600000.0,0.0427747852004765,0.9144504295990468,0.0427747852004765
11,0.0828617512876172,0.0048845651376236,0.0105982253225812,0.0721412000033926,0.0,1691971200000.0,0.0427747852004765,0.9144504295990468,0.0427747852004765
11,0.0825530810089595,0.0048355067071213,0.0111729426673555,0.0711621377719616,0.0645774975419044,1692316800000.0,0.0427747852004764,0.9144504295990472,0.0427747852004764
11,0.0825530810089595,0.0048355067071213,0.0111729426673555,0.0708936622664172,0.0,1692662400000.0,0.0427747852004764,0.9144504295990472,0.0427747852004764
11,0.0824763114460091,0.0047936007642169,0.0112995711510368,0.0705261361311189,0.0692249983549118,1693008000000.0,0.0427747852004764,0.9144504295990472,0.0427747852004764
11,0.0824763114460091,0.0047936007642169,0.0112995711510368,0.0703617516796384,0.0,1693353600000.0,0.0427747852004764,0.9144504295990472,0.0427747852004764
11,0.0824763114460091,0.0047936007642169,0.0112995711510368,0.070254703277409,0.0,1693699200000.0,0.0427747852004764,0.9144504295990472,0.0427747852004764
11,0.0824763114460091,0.0047936007642169,0.0112995711510368,0.0702054975654132,0.0,1694044800000.0,0.0427747852004764,0.9144504295990472,0.0427747852004764
11,0.0827512719366359,0.0050581264999927,0.0109751349441211,0.0707011156046007,0.0736524984240531,1694390400000.0,0.0427747852004764,0.9144504295990472,0.0427747852004764
