point,date,intercept,cos,sin,estimate,amplitude
0,1654214400000,0.0879322335312113,-0.009478184120021226,0.01603241913190191,0.10395748946646297,0.018624565429399872
0,1654560000000,0.0879322335312113,-0.009478184120021226,0.01603241913190191,0.10326707911388672,0.018624565429399872
0,1654905600000,0.0879322335312113,-0.009478184120021226,0.01603241913190191,0.10250409465339694,0.018624565429399872
0,1655251200000,0.0879322335312113,-0.009478184120021226,0.01603241913190191,0.10167214700603472,0.018624565429399872
0,1655596800000,0.0879322335312113,-0.009478184120021226,0.01603241913190191,0.10077517346989731,0.018624565429399872
0,1655942400000,0.0879322335312113,-0.009478184120021226,0.01603241913190191,0.09981741908637476,0.018624565429399872
0,1656288000000,0.0879322335312113,-0.009478184120021226,0.01603241913190191,0.0988034165499511,0.018624565429399872
0,1656633600000,0.0879322335312113,-0.009478184120021226,0.01603241913190191,0.09773796475665059,0.018624565429399872
0,1656979200000,0.0879322335312113,-0.009478184120021226,0.01603241913190191,0.09662610609265249,0.018624565429399872
0,1657324800000,0.0879322335312113,-0.009478184120021226,0.01603241913190191,0.09547310257055579,0.018624565429399872
0,1657670400000,0.0879322335312113,-0.009478184120021226,0.01603241913190191,0.09428441092623656,0.018624565429399872
0,1658016000000,0.0879322335312113,-0.009478184120021226,0.01603241913190191,0.09306565679414931,0.018624565429399872
0,1658361600000,0.0879322335312113,-0.009478184120021226,0.01603241913190191,0.09182260808329758,0.018624565429399872
0,1658707200000,0.0879322335312113,-0.009478184120021226,0.01603241913190191,0.09056114767987013,0.018624565429399872
0,1659052800000,0.0879322335312113,-0.009478184120021226,0.01603241913190191,0.08928724560573309,0.018624565429399872
0,1659398400000,0.0879322335312113,-0.009478184120021226,0.01603241913190191,0.08800693076454273,0.018624565429399872
0,1659744000000,0.0879322335312113,-0.009478184120021226,0.01603241913190191,0.08672626240919123,0.018624565429399872
0,1660089600000,0.0879322335312113,-0.009478184120021226,0.01603241913190191,0.0854513014656216,0.018624565429399872
0,1660435200000,0.0879322335312113,-0.009478184120021226,0.01603241913190191,0.08418808184872405,0.018624565429399872
0,1660780800000,0.0879322335312113,-0.009478184120021226,0.01603241913190191,0.0829425819060667,0.018624565429399872
0,1661126400000,0.0879322335312113,-0.009478184120021226,0.01603241913190191,0.0817206961246047,0.018624565429399872
0,1661472000000,0.0879322335312113,-0.009478184120021226,0.01603241913190191,0.08052820723427037,0.018624565429399872
0,1661817600000,0.0879322335312113,-0.009478184120021226,0.01603241913190191,0.07937075884046864,0.018624565429399872
0,1662163200000,0.0879322335312113,-0.009478184120021226,0.01603241913190191,0.07825382871499596,0.018624565429399872
0,1662508800000,0.0879322335312113,-0.009478184120021226,0.01603241913190191,0.07718270287178845,0.018624565429399872
0,1662854400000,0.0879322335312113,-0.009478184120021226,0.01603241913190191,0.07616245055018836,0.018624565429399872
0,1685750400000,0.07705875510771172,-0.013567052975764196,0.013851480740730079,0.0956431442672169,0.019388874262267226
0,1686096000000,0.07705875510771172,-0.013567052975764196,0.013851480740730079,0.09521916038409407,0.019388874262267226
0,1686441600000,0.07705875510771172,-0.013567052975764196,0.013851480740730079,0.09470923007228546,0.019388874262267226
0,1686787200000,0.07705875510771172,-0.013567052975764196,0.013851480740730079,0.09411576664187489,0.019388874262267226
0,1687132800000,0.07705875510771172,-0.013567052975764196,0.013851480740730079,0.09344157873405838,0.019388874262267226
0,1687478400000,0.07705875510771172,-0.013567052975764196,0.013851480740730079,0.09268985702889306,0.019388874262267226
0,1687824000000,0.07705875510771172,-0.013567052975764196,0.013851480740730079,0.0918641591449969,0.019388874262267226
0,1688169600000,0.07705875510771172,-0.013567052975764196,0.013851480740730079,0.09096839280266672,0.019388874262267226
0,1688515200000,0.07705875510771172,-0.013567052975764196,0.013851480740730079,0.090006797330094,0.019388874262267226
0,1688860800000,0.07705875510771172,-0.013567052975764196,0.013851480740730079,0.0889839236002054,0.019388874262267226
0,1689206400000,0.07705875510771172,-0.013567052975764196,0.013851480740730079,0.0879046124930773,0.019388874262267226
0,1689552000000,0.07705875510771172,-0.013567052975764196,0.013851480740730079,0.08677397198585476,0.019388874262267226
0,1689897600000,0.07705875510771172,-0.013567052975764196,0.013851480740730079,0.08559735297860022,0.019388874262267226
0,1690243200000,0.07705875510771172,-0.013567052975764196,0.013851480740730079,0.08438032397047728,0.019388874262267226
0,1690588800000,0.07705875510771172,-0.013567052975764196,0.013851480740730079,0.08312864470612089,0.019388874262267226
0,1690934400000,0.07705875510771172,-0.013567052975764196,0.013851480740730079,0.08184823891691208,0.019388874262267226
0,1691280000000,0.07705875510771172,-0.013567052975764196,0.013851480740730079,0.08054516628616615,0.019388874262267226
0,1691625600000,0.07705875510771172,-0.013567052975764196,0.013851480740730079,0.07922559377091007,0.019388874262267226
0,1691971200000,0.07705875510771172,-0.013567052975764196,0.013851480740730079,0.07789576641597357,0.019388874262267226
0,1692316800000,0.07705875510771172,-0.013567052975764196,0.013851480740730079,0.07656197779852021,0.019388874262267226
0,1692662400000,0.07705875510771172,-0.013567052975764196,0.013851480740730079,0.07523054024289202,0.019388874262267226
0,1693008000000,0.07705875510771172,-0.013567052975764196,0.013851480740730079,0.07390775494673232,0.019388874262267226
0,1693353600000,0.07705875510771172,-0.013567052975764196,0.013851480740730079,0.07259988215976503,0.019388874262267226
0,1693699200000,0.07705875510771172,-0.013567052975764196,0.013851480740730079,0.07131311155636728,0.019388874262267226
0,1694044800000,0.07705875510771172,-0.013567052975764196,0.013851480740730079,0.07005353294214733,0.019388874262267226
0,1694390400000,0.07705875510771172,-0.013567052975764196,0.013851480740730079,0.06882710743316472,0.019388874262267226
1,1654214400000,0.07243980488597467,-0.0297226168032192,-0.00968424485675699,0.09383064709053153,0.0312604950069034
1,1654560000000,0.07243980488597467,-0.0297226168032192,-0.00968424485675699,0.09534732093395516,0.0312604950069034
1,1654905600000,0.07243980488597467,-0.0297226168032192,-0.00968424485675699,0.09675558204294815,0.0312604950069034
1,1655251200000,0.07243980488597467,-0.0297226168032192,-0.00968424485675699,0.09804876564262566,0.0312604950069034
1,1655596800000,0.07243980488597467,-0.0297226168032192,-0.00968424485675699,0.09922075157705892,0.0312604950069034
1,1655942400000,0.07243980488597467,-0.0297226168032192,-0.00968424485675699,0.1002659932736906,0.0312604950069034
1,1656288000000,0.07243980488597467,-0.0297226168032192,-0.00968424485675699,0.10117954399319558,0.0312604950069034
1,1656633600000,0.07243980488597467,-0.0297226168032192,-0.00968424485675699,0.10195708024055451,0.0312604950069034
1,1656979200000,0.07243980488597467,-0.0297226168032192,-0.00968424485675699,0.10259492222654357,0.0312604950069034
1,1657324800000,0.07243980488597467,-0.0297226168032192,-0.00968424485675699,0.10309005128280568,0.0312604950069034
1,1657670400000,0.07243980488597467,-0.0297226168032192,-0.00968424485675699,0.10344012414808211,0.0312604950069034
1,1658016000000,0.07243980488597467,-0.0297226168032192,-0.00968424485675699,0.10364348405799503,0.0312604950069034
1,1658361600000,0.07243980488597467,-0.0297226168032192,-0.00968424485675699,0.10369916858589544,0.0312604950069034
1,1658707200000,0.07243980488597467,-0.0297226168032192,-0.00968424485675699,0.10360691419766978,0.0312604950069034
1,1659052800000,0.07243980488597467,-0.0297226168032192,-0.00968424485675699,0.10336715749894868,0.0312604950069034
1,1659398400000,0.07243980488597467,-0.0297226168032192,-0.00968424485675699,0.1029810331688153,0.0312604950069034
1,1659744000000,0.07243980488597467,-0.0297226168032192,-0.00968424485675699,0.10245036858979213,0.0312604950069034
1,1660089600000,0.07243980488597467,-0.0297226168032192,-0.00968424485675699,0.10177767519952081,0.0312604950069034
1,1660435200000,0.07243980488597467,-0.0297226168032192,-0.00968424485675699,0.10096613660506365,0.0312604950069034
1,1660780800000,0.07243980488597467,-0.0297226168032192,-0.00968424485675699,0.10001959351607846,0.0312604950069034
1,1661126400000,0.07243980488597467,-0.0297226168032192,-0.00968424485675699,0.0989425255681714,0.0312604950069034
1,1661472000000,0.07243980488597467,-0.0297226168032192,-0.00968424485675699,0.09774003012245093,0.0312604950069034
1,1661817600000,0.07243980488597467,-0.0297226168032192,-0.00968424485675699,0.09641779814161862,0.0312604950069034
1,1662163200000,0.07243980488597467,-0.0297226168032192,-0.00968424485675699,0.09498208725676344,0.0312604950069034
1,1662508800000,0.07243980488597467,-0.0297226168032192,-0.00968424485675699,0.0934396921523267,0.0312604950069034
1,1662854400000,0.07243980488597467,-0.0297226168032192,-0.00968424485675699,0.0917979124093934,0.0312604950069034
1,1685750400000,0.09597649970845822,-0.005197348608426254,0.010965545269599985,0.10584229696422694,0.012134892484779456
1,1686096000000,0.09597649970845822,-0.005197348608426254,0.010965545269599985,0.10533317256019935,0.012134892484779456
1,1686441600000,0.09597649970845822,-0.005197348608426254,0.010965545269599985,0.10477976651136539,0.012134892484779456
1,1686787200000,0.09597649970845822,-0.005197348608426254,0.010965545269599985,0.10418469788226618,0.012134892484779456
1,1687132800000,0.09597649970845822,-0.005197348608426254,0.010965545269599985,0.10355078291090479,0.012134892484779456
1,1687478400000,0.09597649970845822,-0.005197348608426254,0.010965545269599985,0.10288102168054226,0.012134892484779456
1,1687824000000,0.09597649970845822,-0.005197348608426254,0.010965545269599985,0.102178583921421,0.012134892484779456
1,1688169600000,0.09597649970845822,-0.005197348608426254,0.010965545269599985,0.10144679400961376,0.012134892484779456
1,1688515200000,0.09597649970845822,-0.005197348608426254,0.010965545269599985,0.10068911523399039,0.012134892484779456
1,1688860800000,0.09597649970845822,-0.005197348608426254,0.010965545269599985,0.09990913340576305,0.012134892484779456
1,1689206400000,0.09597649970845822,-0.005197348608426254,0.010965545269599985,0.0991105398881781,0.012134892484779456
1,1689552000000,0.09597649970845822,-0.005197348608426254,0.010965545269599985,0.09829711412666985,0.012134892484779456
1,1689897600000,0.09597649970845822,-0.005197348608426254,0.010965545269599985,0.0974727057621544,0.012134892484779456
1,1690243200000,0.09597649970845822,-0.005197348608426254,0.010965545269599985,0.0966412164121137,0.012134892484779456
1,1690588800000,0.09597649970845822,-0.005197348608426254,0.010965545269599985,0.09580658120569503,0.012134892484779456
1,1690934400000,0.09597649970845822,-0.005197348608426254,0.010965545269599985,0.09497275016021088,0.012134892484779456
1,1691280000000,0.09597649970845822,-0.005197348608426254,0.010965545269599985,0.0941436694871801,0.012134892484779456
1,1691625600000,0.09597649970845822,-0.005197348608426254,0.010965545269599985,0.09332326291637935,0.012134892484779456
1,1691971200000,0.09597649970845822,-0.005197348608426254,0.010965545269599985,0.09251541312629283,0.012134892484779456
1,1692316800000,0.09597649970845822,-0.005197348608426254,0.010965545269599985,0.09172394336884236,0.012134892484779456
1,1692662400000,0.09597649970845822,-0.005197348608426254,0.010965545269599985,0.09095259937536085,0.012134892484779456
1,1693008000000,0.09597649970845822,-0.005197348608426254,0.010965545269599985,0.09020503162944285,0.012134892484779456
1,1693353600000,0.09597649970845822,-0.005197348608426254,0.010965545269599985,0.08948477809056563,0.012134892484779456
1,1693699200000,0.09597649970845822,-0.005197348608426254,0.010965545269599985,0.08879524745024653,0.012134892484779456
1,1694044800000,0.09597649970845822,-0.005197348608426254,0.010965545269599985,0.08813970299997613,0.012134892484779456
1,1694390400000,0.09597649970845822,-0.005197348608426254,0.010965545269599985,0.08752124718727632,0.012134892484779456
2,1654214400000,0.08971469061407222,-0.0007515194059455537,0.017628559853368794,0.09885916879682186,0.01764457151424536
2,1654560000000,0.08971469061407222,-0.0007515194059455537,0.017628559853368794,0.09780003851713323,0.01764457151424536
2,1654905600000,0.08971469061407222,-0.0007515194059455537,0.017628559853368794,0.09670264329972,0.01764457151424536
2,1655251200000,0.08971469061407222,-0.0007515194059455537,0.017628559853368794,0.09557217670708072,0.01764457151424536
2,1655596800000,0.08971469061407222,-0.0007515194059455537,0.017628559853368794,0.09441398881620436,0.01764457151424536
2,1655942400000,0.08971469061407222,-0.0007515194059455537,0.017628559853368794,0.09323356089865148,0.01764457151424536
2,1656288000000,0.08971469061407222,-0.0007515194059455537,0.017628559853368794,0.09203647947973877,0.01764457151424536
2,1656633600000,0.08971469061407222,-0.0007515194059455537,0.017628559853368794,0.0908284098995966,0.01764457151424536
2,1656979200000,0.08971469061407222,-0.0007515194059455537,0.017628559853368794,0.0896150695012271,0.01764457151424536
2,1657324800000,0.08971469061407222,-0.0007515194059455537,0.017628559853368794,0.08840220057244956,0.01764457151424536
2,1657670400000,0.08971469061407222,-0.0007515194059455537,0.017628559853368794,0.08719554316979444,0.01764457151424536
2,1658016000000,0.08971469061407222,-0.0007515194059455537,0.017628559853368794,0.08600080795295353,0.01764457151424536
2,1658361600000,0.08971469061407222,-0.0007515194059455537,0.017628559853368794,0.0848236491583578,0.01764457151424536
2,1658707200000,0.08971469061407222,-0.0007515194059455537,0.017628559853368794,0.08366963783978351,0.01764457151424536
2,1659052800000,0.08971469061407222,-0.0007515194059455537,0.017628559853368794,0.08254423550263107,0.01764457151424536
2,1659398400000,0.08971469061407222,-0.0007515194059455537,0.017628559853368794,0.08145276825665644,0.01764457151424536
2,1659744000000,0.08971469061407222,-0.0007515194059455537,0.017628559853368794,0.08040040160947862,0.01764457151424536
2,1660089600000,0.08971469061407222,-0.0007515194059455537,0.017628559853368794,0.07939211602015775,0.01764457151424536
2,1660435200000,0.08971469061407222,-0.0007515194059455537,0.017628559853368794,0.07843268332853852,0.01764457151424536
2,1660780800000,0.08971469061407222,-0.0007515194059455537,0.017628559853368794,0.0775266441719116,0.01764457151424536
2,1661126400000,0.08971469061407222,-0.0007515194059455537,0.017628559853368794,0.07667828649586948,0.01764457151424536
2,1661472000000,0.08971469061407222,-0.0007515194059455537,0.017628559853368794,0.0758916252610582,0.01764457151424536
2,1661817600000,0.08971469061407222,-0.0007515194059455537,0.017628559853368794,0.07517038344186573,0.01764457151424536
2,1662163200000,0.08971469061407222,-0.0007515194059455537,0.017628559853368794,0.07451797440697164,0.01764457151424536
2,1662508800000,0.08971469061407222,-0.0007515194059455537,0.017628559853368794,0.07393748576514556,0.01764457151424536
2,1662854400000,0.08971469061407222,-0.0007515194059455537,0.017628559853368794,0.07343166475274587,0.01764457151424536
2,1685750400000,0.31496395547072353,-0.04831036254062812,-0.004065794013759908,0.35523115423944873,0.04848114901453193
2,1686096000000,0.31496395547072353,-0.04831036254062812,-0.004065794013759908,0.35699217833364955,0.04848114901453193
2,1686441600000,0.31496395547072353,-0.04831036254062812,-0.004065794013759908,0.3585542985155144,0.04848114901453193
2,1686787200000,0.31496395547072353,-0.04831036254062812,-0.004065794013759908,0.3599101218525195,0.04848114901453193
2,1687132800000,0.31496395547072353,-0.04831036254062812,-0.004065794013759908,0.3610532317382092,0.04848114901453193
2,1687478400000,0.31496395547072353,-0.04831036254062812,-0.004065794013759908,0.36197821825960047,0.04848114901453193
2,1687824000000,0.31496395547072353,-0.04831036254062812,-0.004065794013759908,0.3626807038002866,0.04848114901453193
2,1688169600000,0.31496395547072353,-0.04831036254062812,-0.004065794013759908,0.36315736375806257,0.04848114901453193
2,1688515200000,0.31496395547072353,-0.04831036254062812,-0.004065794013759908,0.36340594227902834,0.04848114901453193
2,1688860800000,0.31496395547072353,-0.04831036254062812,-0.004065794013759908,0.3634252629337045,0.04848114901453193
2,1689206400000,0.31496395547072353,-0.04831036254062812,-0.004065794013759908,0.3632152342846344,0.04848114901453193
2,1689552000000,0.31496395547072353,-0.04831036254062812,-0.004065794013759908,0.36277685031912377,0.04848114901453193
2,1689897600000,0.31496395547072353,-0.04831036254062812,-0.004065794013759908,0.362112185745069,0.04848114901453193
2,1690243200000,0.31496395547072353,-0.04831036254062812,-0.004065794013759908,0.36122438617213803,0.04848114901453193
2,1690588800000,0.31496395547072353,-0.04831036254062812,-0.004065794013759908,0.3601176532247729,0.04848114901453193
2,1690934400000,0.31496395547072353,-0.04831036254062812,-0.004065794013759908,0.3587972246574666,0.04848114901453193
2,1691280000000,0.31496395547072353,-0.04831036254062812,-0.004065794013759908,0.3572693495664242,0.04848114901453193
2,1691625600000,0.31496395547072353,-0.04831036254062812,-0.004065794013759908,0.3555412588149197,0.04848114901453193
2,1691971200000,0.31496395547072353,-0.04831036254062812,-0.004065794013759908,0.3536211308123155,0.04848114901453193
2,1692316800000,0.31496395547072353,-0.04831036254062812,-0.004065794013759908,0.35151805280869963,0.04848114901453193
2,1692662400000,0.31496395547072353,-0.04831036254062812,-0.004065794013759908,0.3492419778883178,0.04848114901453193
2,1693008000000,0.31496395547072353,-0.04831036254062812,-0.004065794013759908,0.34680367786533695,0.04848114901453193
2,1693353600000,0.31496395547072353,-0.04831036254062812,-0.004065794013759908,0.34421469230486285,0.04848114901453193
2,1693699200000,0.31496395547072353,-0.04831036254062812,-0.004065794013759908,0.341487273910481,0.04848114901453193
2,1694044800000,0.31496395547072353,-0.04831036254062812,-0.004065794013759908,0.33863433053677733,0.04848114901453193
2,1694390400000,0.31496395547072353,-0.04831036254062812,-0.004065794013759908,0.33566936410127424,0.04848114901453193
3,1654214400000,0.16603805249650297,-0.023267294744034897,-0.01617256409711809,0.17864742709901704,0.02833582245464541
3,1654560000000,0.16603805249650297,-0.023267294744034897,-0.01617256409711809,0.18036224967143544,0.02833582245464541
3,1654905600000,0.16603805249650297,-0.023267294744034897,-0.01617256409711809,0.1820092811581245,0.02833582245464541
3,1655251200000,0.16603805249650297,-0.023267294744034897,-0.01617256409711809,0.18358072677300588,0.02833582245464541
3,1655596800000,0.16603805249650297,-0.023267294744034897,-0.01617256409711809,0.18506914944975814,0.02833582245464541
3,1655942400000,0.16603805249650297,-0.023267294744034897,-0.01617256409711809,0.18646750503867773,0.02833582245464541
3,1656288000000,0.16603805249650297,-0.023267294744034897,-0.01617256409711809,0.18776917564401427,0.02833582245464541
3,1656633600000,0.16603805249650297,-0.023267294744034897,-0.01617256409711809,0.1889680009440048,0.02833582245464541
3,1656979200000,0.16603805249650297,-0.023267294744034897,-0.01617256409711809,0.19005830734537926,0.02833582245464541
3,1657324800000,0.16603805249650297,-0.023267294744034897,-0.01617256409711809,0.19103493483436382,0.02833582245464541
3,1657670400000,0.16603805249650297,-0.023267294744034897,-0.01617256409711809,0.1918932613971011,0.02833582245464541
3,1658016000000,0.16603805249650297,-0.023267294744034897,-0.01617256409711809,0.1926292248939205,0.02833582245464541
3,1658361600000,0.16603805249650297,-0.023267294744034897,-0.01617256409711809,0.1932393422839298,0.02833582245464541
3,1658707200000,0.16603805249650297,-0.023267294744034897,-0.01617256409711809,0.19372072610894991,0.02833582245464541
3,1659052800000,0.16603805249650297,-0.023267294744034897,-0.01617256409711809,0.19407109815877815,0.02833582245464541
3,1659398400000,0.16603805249650297,-0.023267294744034897,-0.01617256409711809,0.19428880025310755,0.02833582245464541
3,1659744000000,0.16603805249650297,-0.023267294744034897,-0.01617256409711809,0.19437280208907642,0.02833582245464541
3,1660089600000,0.16603805249650297,-0.023267294744034897,-0.01617256409711809,0.19432270611730784,0.02833582245464541
3,1660435200000,0.16603805249650297,-0.023267294744034897,-0.01617256409711809,0.1941387494233623,0.02833582245464541
3,1660780800000,0.16603805249650297,-0.023267294744034897,-0.01617256409711809,0.19382180260570037,0.02833582245464541
3,1661126400000,0.16603805249650297,-0.023267294744034897,-0.01617256409711809,0.19337336565546479,0.02833582245464541
3,1661472000000,0.16603805249650297,-0.023267294744034897,-0.01617256409711809,0.19279556085758123,0.02833582245464541
3,1661817600000,0.16603805249650297,-0.023267294744034897,-0.01617256409711809,0.19209112274677506,0.02833582245464541
3,1662163200000,0.16603805249650297,-0.023267294744034897,-0.01617256409711809,0.19126338516603786,0.02833582245464541
3,1662508800000,0.16603805249650297,-0.023267294744034897,-0.01617256409711809,0.19031626548879113,0.02833582245464541
3,1662854400000,0.16603805249650297,-0.023267294744034897,-0.01617256409711809,0.18925424607941826,0.02833582245464541
3,1685750400000,0.1254091394374715,-0.08354710414471071,-0.016440266763532257,0.19048045405327763,0.08514928644576678
3,1686096000000,0.1254091394374715,-0.08354710414471071,-0.016440266763532257,0.19410235980536625,0.08514928644576678
3,1686441600000,0.1254091394374715,-0.08354710414471071,-0.016440266763532257,0.19739916615159392,0.08514928644576678
3,1686787200000,0.1254091394374715,-0.08354710414471071,-0.016440266763532257,0.20035527053644375,0.08514928644576678
3,1687132800000,0.1254091394374715,-0.08354710414471071,-0.016440266763532257,0.20295668281978313,0.08514928644576678
3,1687478400000,0.1254091394374715,-0.08354710414471071,-0.016440266763532257,0.20519109148697834,0.08514928644576678
3,1687824000000,0.1254091394374715,-0.08354710414471071,-0.016440266763532257,0.20704792191470833,0.08514928644576678
3,1688169600000,0.1254091394374715,-0.08354710414471071,-0.016440266763532257,0.2085183864167119,0.08514928644576678
3,1688515200000,0.1254091394374715,-0.08354710414471071,-0.016440266763532257,0.20959552583263283,0.08514928644576678
3,1688860800000,0.1254091394374715,-0.08354710414471071,-0.016440266763532257,0.2102742424631308,0.08514928644576678
3,1689206400000,0.1254091394374715,-0.08354710414471071,-0.016440266763532257,0.2105513241953927,0.08514928644576678
3,1689552000000,0.1254091394374715,-0.08354710414471071,-0.016440266763532257,0.2104254597048648,0.08514928644576678
3,1689897600000,0.1254091394374715,-0.08354710414471071,-0.016440266763532257,0.20989724466126355,0.08514928644576678
3,1690243200000,0.1254091394374715,-0.08354710414471071,-0.016440266763532257,0.2089691789094924,0.08514928644576678
3,1690588800000,0.1254091394374715,-0.08354710414471071,-0.016440266763532257,0.20764565463880805,0.08514928644576678
3,1690934400000,0.1254091394374715,-0.08354710414471071,-0.016440266763532257,0.20593293559622547,0.08514928644576678
3,1691280000000,0.1254091394374715,-0.08354710414471071,-0.016440266763532257,0.20383912744253874,0.08514928644576678
3,1691625600000,0.1254091394374715,-0.08354710414471071,-0.016440266763532257,0.20137413939124968,0.08514928644576678
3,1691971200000,0.1254091394374715,-0.08354710414471071,-0.016440266763532257,0.19854963731195402,0.08514928644576678
3,1692316800000,0.1254091394374715,-0.08354710414471071,-0.016440266763532257,0.19537898852012983,0.08514928644576678
3,1692662400000,0.1254091394374715,-0.08354710414471071,-0.016440266763532257,0.19187719851461452,0.08514928644576678
3,1693008000000,0.1254091394374715,-0.08354710414471071,-0.016440266763532257,0.18806083996217487,0.08514928644576678
3,1693353600000,0.1254091394374715,-0.08354710414471071,-0.016440266763532257,0.1839479742652499,0.08514928644576678
3,1693699200000,0.1254091394374715,-0.08354710414471071,-0.016440266763532257,0.1795580660840683,0.08514928644576678
3,1694044800000,0.1254091394374715,-0.08354710414471071,-0.016440266763532257,0.17491189121766598,0.08514928644576678
3,1694390400000,0.1254091394374715,-0.08354710414471071,-0.016440266763532257,0.17003143827977374,0.08514928644576678
4,1654214400000,0.09647493153229783,0.011330076952766704,0.01907933812988006,0.09572799253979014,0.02218990282155175
4,1654560000000,0.09647493153229783,0.011330076952766704,0.01907933812988006,0.09420499369778935,0.02218990282155175
4,1654905600000,0.09647493153229783,0.011330076952766704,0.01907933812988006,0.09269273762541512,0.02218990282155175
4,1655251200000,0.09647493153229783,0.011330076952766704,0.01907933812988006,0.09119838126694885,0.02218990282155175
4,1655596800000,0.09647493153229783,0.011330076952766704,0.01907933812988006,0.08972899685399716,0.02218990282155175
4,1655942400000,0.09647493153229783,0.011330076952766704,0.01907933812988006,0.0882915384352578,0.02218990282155175
4,1656288000000,0.09647493153229783,0.011330076952766704,0.01907933812988006,0.08689280896559869,0.02218990282155175
4,1656633600000,0.09647493153229783,0.011330076952766704,0.01907933812988006,0.08553942811020786,0.02218990282155175
4,1656979200000,0.09647493153229783,0.011330076952766704,0.01907933812988006,0.08423780091618684,0.02218990282155175
4,1657324800000,0.09647493153229783,0.011330076952766704,0.01907933812988006,0.0829940874998489,0.02218990282155175
4,1657670400000,0.09647493153229783,0.011330076952766704,0.01907933812988006,0.08181417389318651,0.02218990282155175
4,1658016000000,0.09647493153229783,0.011330076952766704,0.01907933812988006,0.08070364418747406,0.02218990282155175
4,1658361600000,0.09647493153229783,0.011330076952766704,0.01907933812988006,0.07966775410584687,0.02218990282155175
4,1658707200000,0.09647493153229783,0.011330076952766704,0.01907933812988006,0.07871140612992213,0.02218990282155175
4,1659052800000,0.09647493153229783,0.011330076952766704,0.01907933812988006,0.07783912629818066,0.02218990282155175
4,1659398400000,0.09647493153229783,0.011330076952766704,0.01907933812988006,0.07705504278591449,0.02218990282155175
4,1659744000000,0.09647493153229783,0.011330076952766704,0.01907933812988006,0.07636286636811151,0.02218990282155175
4,1660089600000,0.09647493153229783,0.011330076952766704,0.01907933812988006,0.07576587285774107,0.02218990282155175
4,1660435200000,0.09647493153229783,0.011330076952766704,0.01907933812988006,0.0752668876025518,0.02218990282155175
4,1660780800000,0.09647493153229783,0.011330076952766704,0.01907933812988006,0.07486827211375446,0.02218990282155175
4,1661126400000,0.09647493153229783,0.011330076952766704,0.01907933812988006,0.07457191288986931,0.02218990282155175
4,1661472000000,0.09647493153229783,0.011330076952766704,0.01907933812988006,0.07437921248863182,0.02218990282155175
4,1661817600000,0.09647493153229783,0.011330076952766704,0.01907933812988006,0.07429108288920994,0.02218990282155175
4,1662163200000,0.09647493153229783,0.011330076952766704,0.01907933812988006,0.07430794117614646,0.02218990282155175
4,1662508800000,0.09647493153229783,0.011330076952766704,0.01907933812988006,0.07442970756545343,0.02218990282155175
4,1662854400000,0.09647493153229783,0.011330076952766704,0.01907933812988006,0.07465580578219998,0.02218990282155175
4,1685750400000,0.08540076030505013,-0.0004044840302016042,0.016526233900556155,0.09377445667059929,0.016531183087322567
4,1686096000000,0.08540076030505013,-0.0004044840302016042,0.016526233900556155,0.09277466802668742,0.016531183087322567
4,1686441600000,0.08540076030505013,-0.0004044840302016042,0.016526233900556155,0.09173998142623284,0.016531183087322567
4,1686787200000,0.08540076030505013,-0.0004044840302016042,0.016526233900556155,0.09067529365522498,0.016531183087322567
4,1687132800000,0.08540076030505013,-0.0004044840302016042,0.016526233900556155,0.08958564348400982,0.016531183087322567
4,1687478400000,0.08540076030505013,-0.0004044840302016042,0.016526233900556155,0.08847618782066932,0.016531183087322567
4,1687824000000,0.08540076030505013,-0.0004044840302016042,0.016526233900556155,0.08735217730529611,0.016531183087322567
4,1688169600000,0.08540076030505013,-0.0004044840302016042,0.016526233900556155,0.08621893146067265,0.016531183087322567
4,1688515200000,0.08540076030505013,-0.0004044840302016042,0.016526233900556155,0.08508181351695164,0.016531183087322567
4,1688860800000,0.08540076030505013,-0.0004044840302016042,0.016526233900556155,0.08394620502948784,0.016531183087322567
4,1689206400000,0.08540076030505013,-0.0004044840302016042,0.016526233900556155,0.08281748040994208,0.016531183087322567
4,1689552000000,0.08540076030505013,-0.0004044840302016042,0.016526233900556155,0.08170098149119435,0.016531183087322567
4,1689897600000,0.08540076030505013,-0.0004044840302016042,0.016526233900556155,0.0806019922464402,0.016531183087322567
4,1690243200000,0.08540076030505013,-0.0004044840302016042,0.016526233900556155,0.07952571378211468,0.016531183087322567
4,1690588800000,0.08540076030505013,-0.0004044840302016042,0.016526233900556155,0.07847723972299521,0.016531183087322567
4,1690934400000,0.08540076030505013,-0.0004044840302016042,0.016526233900556155,0.07746153210597338,0.016531183087322567
4,1691280000000,0.08540076030505013,-0.0004044840302016042,0.016526233900556155,0.07648339789658469,0.016531183087322567
4,1691625600000,0.08540076030505013,-0.0004044840302016042,0.016526233900556155,0.07554746623943205,0.016531183087322567
4,1691971200000,0.08540076030505013,-0.0004044840302016042,0.016526233900556155,0.07465816655017013,0.016531183087322567
4,1692316800000,0.08540076030505013,-0.0004044840302016042,0.016526233900556155,0.07381970755273223,0.016531183087322567
4,1692662400000,0.08540076030505013,-0.0004044840302016042,0.016526233900556155,0.07303605736100838,0.016531183087322567
4,1693008000000,0.08540076030505013,-0.0004044840302016042,0.016526233900556155,0.07231092469924211,0.016531183087322567
4,1693353600000,0.08540076030505013,-0.0004044840302016042,0.016526233900556155,0.07164774135002037,0.016531183087322567
4,1693699200000,0.08540076030505013,-0.0004044840302016042,0.016526233900556155,0.07104964591292633,0.016531183087322567
4,1694044800000,0.08540076030505013,-0.0004044840302016042,0.016526233900556155,0.07051946895071723,0.016531183087322567
4,1694390400000,0.08540076030505013,-0.0004044840302016042,0.016526233900556155,0.07005971959332602,0.016531183087322567
5,1654214400000,0.11672642745500658,-0.008462769538115245,0.010760628411355038,0.12932400065903904,0.013689762308473897
5,1654560000000,0.11672642745500658,-0.008462769538115245,0.010760628411355038,0.1289257936826877,0.013689762308473897
5,1654905600000,0.11672642745500658,-0.008462769538115245,0.010760628411355038,0.12846985165342628,0.013689762308473897
5,1655251200000,0.11672642745500658,-0.008462769538115245,0.010760628411355038,0.1279583323749221,0.013689762308473897
5,1655596800000,0.11672642745500658,-0.008462769538115245,0.010760628411355038,0.12739365667724586,0.013689762308473897
5,1655942400000,0.11672642745500658,-0.008462769538115245,0.010760628411355038,0.12677849695998575,0.013689762308473897
5,1656288000000,0.11672642745500658,-0.008462769538115245,0.010760628411355038,0.1261157645447762,0.013689762308473897
5,1656633600000,0.11672642745500658,-0.008462769538115245,0.010760628411355038,0.12540859589709755,0.013689762308473897
5,1656979200000,0.11672642745500658,-0.008462769538115245,0.010760628411355038,0.12466033778255467,0.013689762308473897
5,1657324800000,0.11672642745500658,-0.008462769538115245,0.010760628411355038,0.12387453142788218,0.013689762308473897
5,1657670400000,0.11672642745500658,-0.008462769538115245,0.010760628411355038,0.12305489576163924,0.013689762308473897
5,1658016000000,0.11672642745500658,-0.008462769538115245,0.010760628411355038,0.12220530981390587,0.013689762308473897
5,1658361600000,0.11672642745500658,-0.008462769538115245,0.010760628411355038,0.12132979435828044,0.013689762308473897
5,1658707200000,0.11672642745500658,-0.008462769538115245,0.010760628411355038,0.12043249288305669,0.013689762308473897
5,1659052800000,0.11672642745500658,-0.008462769538115245,0.010760628411355038,0.11951765198163782,0.013689762308473897
5,1659398400000,0.11672642745500658,-0.008462769538115245,0.010760628411355038,0.11858960125499349,0.013689762308473897
5,1659744000000,0.11672642745500658,-0.008462769538115245,0.010760628411355038,0.117652732821272,0.013689762308473897
5,1660089600000,0.11672642745500658,-0.008462769538115245,0.010760628411355038,0.11671148052954243,0.013689762308473897
5,1660435200000,0.11672642745500658,-0.008462769538115245,0.010760628411355038,0.11577029897603934,0.013689762308473897
5,1660780800000,0.11672642745500658,-0.008462769538115245,0.010760628411355038,0.11483364242221998,0.013689762308473897
5,1661126400000,0.11672642745500658,-0.008462769538115245,0.010760628411355038,0.11390594371440482,0.013689762308473897
5,1661472000000,0.11672642745500658,-0.008462769538115245,0.010760628411355038,0.11299159330476805,0.013689762308473897
5,1661817600000,0.11672642745500658,-0.008462769538115245,0.010760628411355038,0.11209491847296453,0.013689762308473897
5,1662163200000,0.11672642745500658,-0.008462769538115245,0.010760628411355038,0.111220162846728,0.013689762308473897
5,1662508800000,0.11672642745500658,-0.008462769538115245,0.010760628411355038,0.11037146631836284,0.013689762308473897
5,1662854400000,0.11672642745500658,-0.008462769538115245,0.010760628411355038,0.10955284545217704,0.013689762308473897
5,1685750400000,0.1096224294300758,-0.004221420521887368,0.009653436395522292,0.11799816660146262,0.010536091564949796
5,1686096000000,0.1096224294300758,-0.004221420521887368,0.009653436395522292,0.11753888294286598,0.010536091564949796
5,1686441600000,0.1096224294300758,-0.004221420521887368,0.009653436395522292,0.1170421336607369,0.010536091564949796
5,1686787200000,0.1096224294300758,-0.004221420521887368,0.009653436395522292,0.1165102696842591,0.010536091564949796
5,1687132800000,0.1096224294300758,-0.004221420521887368,0.009653436395522292,0.11594580812737502,0.010536091564949796
5,1687478400000,0.1096224294300758,-0.004221420521887368,0.009653436395522292,0.1153514203762245,0.010536091564949796
5,1687824000000,0.1096224294300758,-0.004221420521887368,0.009653436395522292,0.11472991944646908,0.010536091564949796
5,1688169600000,0.1096224294300758,-0.004221420521887368,0.009653436395522292,0.11408424667033826,0.010536091564949796
5,1688515200000,0.1096224294300758,-0.004221420521887368,0.009653436395522292,0.11341745777639979,0.010536091564949796
5,1688860800000,0.1096224294300758,-0.004221420521887368,0.009653436395522292,0.11273270842793601,0.010536091564949796
5,1689206400000,0.1096224294300758,-0.004221420521887368,0.009653436395522292,0.11203323928836544,0.010536091564949796
5,1689552000000,0.1096224294300758,-0.004221420521887368,0.009653436395522292,0.11132236068439104,0.010536091564949796
5,1689897600000,0.1096224294300758,-0.004221420521887368,0.009653436395522292,0.11060343693945777,0.010536091564949796
5,1690243200000,0.1096224294300758,-0.004221420521887368,0.009653436395522292,0.10987987045166368,0.010536091564949796
5,1690588800000,0.1096224294300758,-0.004221420521887368,0.009653436395522292,0.10915508559147842,0.010536091564949796
5,1690934400000,0.1096224294300758,-0.004221420521887368,0.009653436395522292,0.10843251249547368,0.010536091564949796
5,1691280000000,0.1096224294300758,-0.004221420521887368,0.009653436395522292,0.10771557083276603,0.010536091564949796
5,1691625600000,0.1096224294300758,-0.004221420521887368,0.009653436395522292,0.1070076536209973,0.010536091564949796
5,1691971200000,0.1096224294300758,-0.004221420521887368,0.009653436395522292,0.106312111168447,0.010536091564949796
5,1692316800000,0.1096224294300758,-0.004221420521887368,0.009653436395522292,0.10563223521827213,0.010536091564949796
5,1692662400000,0.1096224294300758,-0.004221420521887368,0.009653436395522292,0.10497124336991366,0.010536091564949796
5,1693008000000,0.1096224294300758,-0.004221420521887368,0.009653436395522292,0.10433226385139813,0.010536091564949796
5,1693353600000,0.1096224294300758,-0.004221420521887368,0.009653436395522292,0.1037183207146,0.010536091564949796
5,1693699200000,0.1096224294300758,-0.004221420521887368,0.009653436395522292,0.10313231952353191,0.010536091564949796
5,1694044800000,0.1096224294300758,-0.004221420521887368,0.009653436395522292,0.10257703360339289,0.010536091564949796
5,1694390400000,0.1096224294300758,-0.004221420521887368,0.009653436395522292,0.10205509091545413,0.010536091564949796
6,1654214400000,0.11142962233883064,-0.010519216306224275,0.0024761147328388904,0.12184184631491765,0.01080671346281174
6,1654560000000,0.11142962233883064,-0.010519216306224275,0.0024761147328388904,0.12201612551092794,0.01080671346281174
6,1654905600000,0.11142962233883064,-0.010519216306224275,0.0024761147328388904,0.12214030273365821,0.01080671346281174
6,1655251200000,0.11142962233883064,-0.010519216306224275,0.0024761147328388904,0.1222137902986016,0.01080671346281174
6,1655596800000,0.11142962233883064,-0.010519216306224275,0.0024761147328388904,0.12223624041650656,0.01080671346281174
6,1655942400000,0.11142962233883064,-0.010519216306224275,0.0024761147328388904,0.12220754683933355,0.01080671346281174
6,1656288000000,0.11142962233883064,-0.010519216306224275,0.0024761147328388904,0.12212784536308752,0.01080671346281174
6,1656633600000,0.11142962233883064,-0.010519216306224275,0.0024761147328388904,0.12199751318514593,0.01080671346281174
6,1656979200000,0.11142962233883064,-0.010519216306224275,0.0024761147328388904,0.12181716711912426,0.01080671346281174
6,1657324800000,0.11142962233883064,-0.010519216306224275,0.0024761147328388904,0.12158766067572697,0.01080671346281174
6,1657670400000,0.11142962233883064,-0.010519216306224275,0.0024761147328388904,0.12131008002339981,0.01080671346281174
6,1658016000000,0.11142962233883064,-0.010519216306224275,0.0024761147328388904,0.12098573884789891,0.01080671346281174
6,1658361600000,0.11142962233883064,-0.010519216306224275,0.0024761147328388904,0.12061617213510632,0.01080671346281174
6,1658707200000,0.11142962233883064,-0.010519216306224275,0.0024761147328388904,0.1202031289065137,0.01080671346281174
6,1659052800000,0.11142962233883064,-0.010519216306224275,0.0024761147328388904,0.11974856394175559,0.01080671346281174
6,1659398400000,0.11142962233883064,-0.010519216306224275,0.0024761147328388904,0.11925462852736622,0.01080671346281174
6,1659744000000,0.11142962233883064,-0.010519216306224275,0.0024761147328388904,0.11872366027554213,0.01080671346281174
6,1660089600000,0.11142962233883064,-0.010519216306224275,0.0024761147328388904,0.11815817206109512,0.01080671346281174
6,1660435200000,0.11142962233883064,-0.010519216306224275,0.0024761147328388904,0.1175608401289522,0.01080671346281174
6,1660780800000,0.11142962233883064,-0.010519216306224275,0.0024761147328388904,0.11693449142848633,0.01080671346281174
6,1661126400000,0.11142962233883064,-0.010519216306224275,0.0024761147328388904,0.11628209023461862,0.01080671346281174
6,1661472000000,0.11142962233883064,-0.010519216306224275,0.0024761147328388904,0.11560672411900995,0.01080671346281174
6,1661817600000,0.11142962233883064,-0.010519216306224275,0.0024761147328388904,0.1149115893377355,0.01080671346281174
6,1662163200000,0.11142962233883064,-0.010519216306224275,0.0024761147328388904,0.11419997570459607,0.01080671346281174
6,1662508800000,0.11142962233883064,-0.010519216306224275,0.0024761147328388904,0.11347525102165563,0.01080671346281174
6,1662854400000,0.11142962233883064,-0.010519216306224275,0.0024761147328388904,0.11274084514068966,0.01080671346281174
6,1685750400000,0.09307576519772438,-0.026963257944352077,0.002432817445063809,0.11783178540997409,0.02707278854670631
6,1686096000000,0.09307576519772438,-0.026963257944352077,0.002432817445063809,0.11852659688785612,0.02707278854670631
6,1686441600000,0.09307576519772438,-0.026963257944352077,0.002432817445063809,0.1191009590664213,0.02707278854670631
6,1686787200000,0.09307576519772438,-0.026963257944352077,0.002432817445063809,0.1195521537035782,0.02707278854670631
6,1687132800000,0.09307576519772438,-0.026963257944352077,0.002432817445063809,0.1198780454632969,0.02707278854670631
6,1687478400000,0.09307576519772438,-0.026963257944352077,0.002432817445063809,0.12007709202135823,0.02707278854670631
6,1687824000000,0.09307576519772438,-0.026963257944352077,0.002432817445063809,0.1201483513645997,0.02707278854670631
6,1688169600000,0.09307576519772438,-0.026963257944352077,0.002432817445063809,0.12009148624911244,0.02707278854670631
6,1688515200000,0.09307576519772438,-0.026963257944352077,0.002432817445063809,0.11990676579629093,0.02707278854670631
6,1688860800000,0.09307576519772438,-0.026963257944352077,0.002432817445063809,0.11959506421918185,0.02707278854670631
6,1689206400000,0.09307576519772438,-0.026963257944352077,0.002432817445063809,0.11915785668515952,0.02707278854670631
6,1689552000000,0.09307576519772438,-0.026963257944352077,0.002432817445063809,0.11859721233450864,0.02707278854670631
6,1689897600000,0.09307576519772438,-0.026963257944352077,0.002432817445063809,0.11791578448795464,0.02707278854670631
6,1690243200000,0.09307576519772438,-0.026963257944352077,0.002432817445063809,0.1171167980894856,0.02707278854670631
6,1690588800000,0.09307576519772438,-0.026963257944352077,0.002432817445063809,0.11620403444389475,0.02707278854670631
6,1690934400000,0.09307576519772438,-0.026963257944352077,0.002432817445063809,0.115181813321274,0.02707278854670631
6,1691280000000,0.09307576519772438,-0.026963257944352077,0.002432817445063809,0.11405497251315284,0.02707278854670631
6,1691625600000,0.09307576519772438,-0.026963257944352077,0.002432817445063809,0.11282884493703399,0.02707278854670631
6,1691971200000,0.09307576519772438,-0.026963257944352077,0.002432817445063809,0.11150923339768296,0.02707278854670631
6,1692316800000,0.09307576519772438,-0.026963257944352077,0.002432817445063809,0.11010238312461613,0.02707278854670631
6,1692662400000,0.09307576519772438,-0.026963257944352077,0.002432817445063809,0.10861495221575704,0.02707278854670631
6,1693008000000,0.09307576519772438,-0.026963257944352077,0.002432817445063809,0.10705398012714167,0.02707278854670631
6,1693353600000,0.09307576519772438,-0.026963257944352077,0.002432817445063809,0.10542685435779588,0.02707278854670631
6,1693699200000,0.09307576519772438,-0.026963257944352077,0.002432817445063809,0.10374127548745743,0.02707278854670631
6,1694044800000,0.09307576519772438,-0.026963257944352077,0.002432817445063809,0.10200522073260189,0.02707278854670631
6,1694390400000,0.09307576519772438,-0.026963257944352077,0.002432817445063809,0.10022690619325084,0.02707278854670631
7,1654214400000,0.06897550578600627,-0.009768171935020305,0.006656009431382752,0.08074147504314641,0.011820306447075494
7,1654560000000,0.06897550578600627,-0.009768171935020305,0.006656009431382752,0.08063579853200245,0.011820306447075494
7,1654905600000,0.06897550578600627,-0.009768171935020305,0.006656009431382752,0.0804749382017918,0.011820306447075494
7,1655251200000,0.06897550578600627,-0.009768171935020305,0.006656009431382752,0.08025965534449497,0.011820306447075494
7,1655596800000,0.06897550578600627,-0.009768171935020305,0.006656009431382752,0.07999096881362651,0.011820306447075494
7,1655942400000,0.06897550578600627,-0.009768171935020305,0.006656009431382752,0.0796701502023812,0.011820306447075494
7,1656288000000,0.06897550578600627,-0.009768171935020305,0.006656009431382752,0.07929871782565752,0.011820306447075494
7,1656633600000,0.06897550578600627,-0.009768171935020305,0.006656009431382752,0.07887842953443898,0.011820306447075494
7,1656979200000,0.06897550578600627,-0.009768171935020305,0.006656009431382752,0.07841127439654101,0.011820306447075494
7,1657324800000,0.06897550578600627,-0.009768171935020305,0.006656009431382752,0.07789946328309401,0.011820306447075494
7,1657670400000,0.06897550578600627,-0.009768171935020305,0.006656009431382752,0.07734541840531499,0.011820306447075494
7,1658016000000,0.06897550578600627,-0.009768171935020305,0.006656009431382752,0.07675176185108412,0.011820306447075494
7,1658361600000,0.06897550578600627,-0.009768171935020305,0.006656009431382752,0.07612130317558072,0.011820306447075494
7,1658707200000,0.06897550578600627,-0.009768171935020305,0.006656009431382752,0.07545702610470574,0.011820306447075494
7,1659052800000,0.06897550578600627,-0.009768171935020305,0.006656009431382752,0.07476207441421902,0.011820306447075494
7,1659398400000,0.06897550578600627,-0.009768171935020305,0.006656009431382752,0.07403973705142097,0.011820306447075494
7,1659744000000,0.06897550578600627,-0.009768171935020305,0.006656009431382752,0.07329343256979064,0.011820306447075494
7,1660089600000,0.06897550578600627,-0.009768171935020305,0.006656009431382752,0.07252669295024662,0.011820306447075494
7,1660435200000,0.06897550578600627,-0.009768171935020305,0.006656009431382752,0.07174314688559756,0.011820306447075494
7,1660780800000,0.06897550578600627,-0.009768171935020305,0.006656009431382752,0.07094650260729227,0.011820306447075494
7,1661126400000,0.06897550578600627,-0.009768171935020305,0.006656009431382752,0.07014053033574227,0.011820306447075494
7,1661472000000,0.06897550578600627,-0.009768171935020305,0.006656009431382752,0.0693290444372738,0.011820306447075494
7,1661817600000,0.06897550578600627,-0.009768171935020305,0.006656009431382752,0.06851588537215422,0.011820306447075494
7,1662163200000,0.06897550578600627,-0.009768171935020305,0.006656009431382752,0.06770490151912492,0.011820306447075494
7,1662508800000,0.06897550578600627,-0.009768171935020305,0.006656009431382752,0.06689993096245932,0.011820306447075494
7,1662854400000,0.06897550578600627,-0.009768171935020305,0.006656009431382752,0.06610478332774068,0.011820306447075494
7,1685750400000,0.25568336906762534,-0.024759674447295932,0.0134553966714667,0.28386184015983773,0.0281795879729033
7,1686096000000,0.25568336906762534,-0.024759674447295932,0.0134553966714667,0.2838124105191023,0.0281795879729033
7,1686441600000,0.25568336906762534,-0.024759674447295932,0.0134553966714667,0.28362985661058115,0.0281795879729033
7,1686787200000,0.25568336906762534,-0.024759674447295932,0.0134553966714667,0.28331504239387456,0.0281795879729033
7,1687132800000,0.25568336906762534,-0.024759674447295932,0.0134553966714667,0.2828694577673196,0.0281795879729033
7,1687478400000,0.25568336906762534,-0.024759674447295932,0.0134553966714667,0.28229521151685744,0.0281795879729033
7,1687824000000,0.25568336906762534,-0.024759674447295932,0.0134553966714667,0.2815950213359349,0.0281795879729033
7,1688169600000,0.25568336906762534,-0.024759674447295932,0.0134553966714667,0.28077220096367494,0.0281795879729033
7,1688515200000,0.25568336906762534,-0.024759674447295932,0.0134553966714667,0.27983064450218414,0.0281795879729033
7,1688860800000,0.25568336906762534,-0.024759674447295932,0.0134553966714667,0.27877480798721943,0.0281795879729033
7,1689206400000,0.25568336906762534,-0.024759674447295932,0.0134553966714667,0.2776096882994317,0.0281795879729033
7,1689552000000,0.25568336906762534,-0.024759674447295932,0.0134553966714667,0.27634079951599233,0.0281795879729033
7,1689897600000,0.25568336906762534,-0.024759674447295932,0.0134553966714667,0.27497414681452137,0.0281795879729033
7,1690243200000,0.25568336906762534,-0.024759674447295932,0.0134553966714667,0.2735161980528201,0.0281795879729033
7,1690588800000,0.25568336906762534,-0.024759674447295932,0.0134553966714667,0.2719738531589118,0.0281795879729033
7,1690934400000,0.25568336906762534,-0.024759674447295932,0.0134553966714667,0.27035441147625333,0.0281795879729033
7,1691280000000,0.25568336906762534,-0.024759674447295932,0.0134553966714667,0.2686655372186644,0.0281795879729033
7,1691625600000,0.25568336906762534,-0.024759674447295932,0.0134553966714667,0.26691522319846006,0.0281795879729033
7,1691971200000,0.25568336906762534,-0.024759674447295932,0.0134553966714667,0.2651117529994495,0.0281795879729033
7,1692316800000,0.25568336906762534,-0.024759674447295932,0.0134553966714667,0.2632636617738219,0.0281795879729033
7,1692662400000,0.25568336906762534,-0.024759674447295932,0.0134553966714667,0.26137969584845155,0.0281795879729033
7,1693008000000,0.25568336906762534,-0.024759674447295932,0.0134553966714667,0.2594687713317952,0.0281795879729033
7,1693353600000,0.25568336906762534,-0.024759674447295932,0.0134553966714667,0.2575399319172719,0.0281795879729033
7,1693699200000,0.25568336906762534,-0.024759674447295932,0.0134553966714667,0.2556023060828352,0.0281795879729033
7,1694044800000,0.25568336906762534,-0.024759674447295932,0.0134553966714667,0.2536650638892883,0.0281795879729033
7,1694390400000,0.25568336906762534,-0.024759674447295932,0.0134553966714667,0.2517373735818054,0.0281795879729033
8,1654214400000,0.23047799524968765,0.041217297392688715,0.027807890574022224,0.20773589953398047,0.049720663536744335
8,1654560000000,0.23047799524968765,0.041217297392688715,0.027807890574022224,0.20474980284594363,0.049720663536744335
8,1654905600000,0.23047799524968765,0.041217297392688715,0.027807890574022224,0.20188546810209135,0.049720663536744335
8,1655251200000,0.23047799524968765,0.041217297392688715,0.027807890574022224,0.1991564511310557,0.049720663536744335
8,1655596800000,0.23047799524968765,0.041217297392688715,0.027807890574022224,0.1965756673528892,0.049720663536744335
8,1655942400000,0.23047799524968765,0.041217297392688715,0.027807890574022224,0.19415533065519913,0.049720663536744335
8,1656288000000,0.23047799524968765,0.041217297392688715,0.027807890574022224,0.19190689558936924,0.049720663536744335
8,1656633600000,0.23047799524968765,0.041217297392688715,0.027807890574022224,0.18984100316043714,0.049720663536744335
8,1656979200000,0.23047799524968765,0.041217297392688715,0.027807890574022224,0.1879674304671857,0.049720663536744335
8,1657324800000,0.23047799524968765,0.041217297392688715,0.027807890574022224,0.18629504443077702,0.049720663536744335
8,1657670400000,0.23047799524968765,0.041217297392688715,0.027807890574022224,0.18483175983092218,0.049720663536744335
8,1658016000000,0.23047799524968765,0.041217297392688715,0.027807890574022224,0.1835845018481766,0.049720663536744335
8,1658361600000,0.23047799524968765,0.041217297392688715,0.027807890574022224,0.18255917328964394,0.049720663536744335
8,1658707200000,0.23047799524968765,0.041217297392688715,0.027807890574022224,0.1817606266531895,0.049720663536744335
8,1659052800000,0.23047799524968765,0.041217297392688715,0.027807890574022224,0.18119264116237654,0.049720663536744335
8,1659398400000,0.23047799524968765,0.041217297392688715,0.027807890574022224,0.1808579048808105,0.049720663536744335
8,1659744000000,0.23047799524968765,0.041217297392688715,0.027807890574022224,0.18075800199053538,0.049720663536744335
8,1660089600000,0.23047799524968765,0.041217297392688715,0.027807890574022224,0.18089340529469097,0.049720663536744335
8,1660435200000,0.23047799524968765,0.041217297392688715,0.027807890574022224,0.18126347397991183,0.049720663536744335
8,1660780800000,0.23047799524968765,0.041217297392688715,0.027807890574022224,0.18186645664905784,0.049720663536744335
8,1661126400000,0.23047799524968765,0.041217297392688715,0.027807890574022224,0.18269949960992418,0.049720663536744335
8,1661472000000,0.23047799524968765,0.041217297392688715,0.027807890574022224,0.183758660380703,0.049720663536744335
8,1661817600000,0.23047799524968765,0.041217297392688715,0.027807890574022224,0.18503892634827973,0.049720663536744335
8,1662163200000,0.23047799524968765,0.041217297392688715,0.027807890574022224,0.18653423849106285,0.049720663536744335
8,1662508800000,0.23047799524968765,0.041217297392688715,0.027807890574022224,0.1882375200540743,0.049720663536744335
8,1662854400000,0.23047799524968765,0.041217297392688715,0.027807890574022224,0.19014071004059277,0.049720663536744335
8,1685750400000,0.20355919771856626,0.020081099548165324,0.0038107789813146466,0.18785057275048417,0.02043948618502322
8,1686096000000,0.20355919771856626,0.020081099548165324,0.0038107789813146466,0.18698864637676016,0.02043948618502322
8,1686441600000,0.20355919771856626,0.020081099548165324,0.0038107789813146466,0.18620514224568482,0.02043948618502322
8,1686787200000,0.20355919771856626,0.020081099548165324,0.0038107789813146466,0.18550376839025096,0.02043948618502322
8,1687132800000,0.20355919771856626,0.020081099548165324,0.0038107789813146466,0.18488784415147147,0.02043948618502322
8,1687478400000,0.20355919771856626,0.020081099548165324,0.0038107789813146466,0.18436028446917635,0.02043948618502322
8,1687824000000,0.20355919771856626,0.020081099548165324,0.0038107789813146466,0.18392358608668813,0.02043948618502322
8,1688169600000,0.20355919771856626,0.020081099548165324,0.0038107789813146466,0.1835798157346672,0.02043948618502322
8,1688515200000,0.20355919771856626,0.020081099548165324,0.0038107789813146466,0.18333060035004545,0.02043948618502322
8,1688860800000,0.20355919771856626,0.020081099548165324,0.0038107789813146466,0.18317711937634065,0.02043948618502322
8,1689206400000,0.20355919771856626,0.020081099548165324,0.0038107789813146466,0.1831200991817896,0.02043948618502322
8,1689552000000,0.20355919771856626,0.020081099548165324,0.0038107789813146466,0.18315980962171827,0.02043948618502322
8,1689897600000,0.20355919771856626,0.020081099548165324,0.0038107789813146466,0.1832960627614169,0.02043948618502322
8,1690243200000,0.20355919771856626,0.020081099548165324,0.0038107789813146466,0.1835282137655652,0.02043948618502322
8,1690588800000,0.20355919771856626,0.020081099548165324,0.0038107789813146466,0.18385516394999726,0.02043948618502322
8,1690934400000,0.20355919771856626,0.020081099548165324,0.0038107789813146466,0.1842753659813645,0.02043948618502322
8,1691280000000,0.20355919771856626,0.020081099548165324,0.0038107789813146466,0.1847868312000872,0.02043948618502322
8,1691625600000,0.20355919771856626,0.020081099548165324,0.0038107789813146466,0.18538713903193937,0.02043948618502322
8,1691971200000,0.20355919771856626,0.020081099548165324,0.0038107789813146466,0.1860734484437241,0.02043948618502322
8,1692316800000,0.20355919771856626,0.020081099548165324,0.0038107789813146466,0.18684251138882452,0.02043948618502322
8,1692662400000,0.20355919771856626,0.020081099548165324,0.0038107789813146466,0.18769068817899823,0.02043948618502322
8,1693008000000,0.20355919771856626,0.020081099548165324,0.0038107789813146466,0.18861396470966418,0.02043948618502322
8,1693353600000,0.20355919771856626,0.020081099548165324,0.0038107789813146466,0.18960797145716424,0.02043948618502322
8,1693699200000,0.20355919771856626,0.020081099548165324,0.0038107789813146466,0.19066800415808913,0.02043948618502322
8,1694044800000,0.20355919771856626,0.020081099548165324,0.0038107789813146466,0.19178904607280406,0.02043948618502322
8,1694390400000,0.20355919771856626,0.020081099548165324,0.0038107789813146466,0.1929657917278072,0.02043948618502322
9,1654214400000,0.09445445138951179,-0.028178428420300876,0.010393369677847262,0.12415642329316767,0.030034080000865934
9,1654560000000,0.09445445138951179,-0.028178428420300876,0.010393369677847262,0.12439237216841566,0.030034080000865934
9,1654905600000,0.09445445138951179,-0.028178428420300876,0.010393369677847262,0.12448663602430063,0.030034080000865934
9,1655251200000,0.09445445138951179,-0.028178428420300876,0.010393369677847262,0.12443876874513053,0.030034080000865934
9,1655596800000,0.09445445138951179,-0.028178428420300876,0.010393369677847262,0.12424899686889464,0.030034080000865934
9,1655942400000,0.09445445138951179,-0.028178428420300876,0.010393369677847262,0.12391821851514362,0.030034080000865934
9,1656288000000,0.09445445138951179,-0.028178428420300876,0.010393369677847262,0.12344799913452469,0.030034080000865934
9,1656633600000,0.09445445138951179,-0.028178428420300876,0.010393369677847262,0.12284056410008681,0.030034080000865934
9,1656979200000,0.09445445138951179,-0.028178428420300876,0.010393369677847262,0.12209878817542015,0.030034080000865934
9,1657324800000,0.09445445138951179,-0.028178428420300876,0.010393369677847262,0.1212261819094709,0.030034080000865934
9,1657670400000,0.09445445138951179,-0.028178428420300876,0.010393369677847262,0.12022687502242277,0.030034080000865934
9,1658016000000,0.09445445138951179,-0.028178428420300876,0.010393369677847262,0.11910559686126941,0.030034080000865934
9,1658361600000,0.09445445138951179,-0.028178428420300876,0.010393369677847262,0.1178676540175791,0.030034080000865934
9,1658707200000,0.09445445138951179,-0.028178428420300876,0.010393369677847262,0.1165189052133746,0.030034080000865934
9,1659052800000,0.09445445138951179,-0.028178428420300876,0.010393369677847262,0.11506573357398522,0.030034080000865934
9,1659398400000,0.09445445138951179,-0.028178428420300876,0.010393369677847262,0.11351501641909494,0.030034080000865934
9,1659744000000,0.09445445138951179,-0.028178428420300876,0.010393369677847262,0.11187409271495122,0.030034080000865934
9,1660089600000,0.09445445138951179,-0.028178428420300876,0.010393369677847262,0.11015072834177396,0.030034080000865934
9,1660435200000,0.09445445138951179,-0.028178428420300876,0.010393369677847262,0.10835307934073832,0.030034080000865934
9,1660780800000,0.09445445138951179,-0.028178428420300876,0.010393369677847262,0.10648965331447331,0.030034080000865934
9,1661126400000,0.09445445138951179,-0.028178428420300876,0.010393369677847262,0.10456926916374923,0.030034080000865934
9,1661472000000,0.09445445138951179,-0.028178428420300876,0.010393369677847262,0.10260101535090714,0.030034080000865934
9,1661817600000,0.09445445138951179,-0.028178428420300876,0.010393369677847262,0.1005942068875555,0.030034080000865934
9,1662163200000,0.09445445138951179,-0.028178428420300876,0.010393369677847262,0.09855834125009186,0.030034080000865934
9,1662508800000,0.09445445138951179,-0.028178428420300876,0.010393369677847262,0.09650305343168739,0.030034080000865934
9,1662854400000,0.09445445138951179,-0.028178428420300876,0.010393369677847262,0.09443807034345604,0.030034080000865934
9,1685750400000,0.12235217064302141,-0.004215000539927546,0.03096217213522179,0.14106323488819839,0.031247757245643954
9,1686096000000,0.12235217064302141,-0.004215000539927546,0.03096217213522179,0.13929831209953372,0.031247757245643954
9,1686441600000,0.12235217064302141,-0.004215000539927546,0.03096217213522179,0.13745318954021274,0.031247757245643954
9,1686787200000,0.12235217064302141,-0.004215000539927546,0.03096217213522179,0.13553659948751956,0.031247757245643954
9,1687132800000,0.12235217064302141,-0.004215000539927546,0.03096217213522179,0.1335576124477433,0.031247757245643954
9,1687478400000,0.12235217064302141,-0.004215000539927546,0.03096217213522179,0.13152559422885526,0.031247757245643954
9,1687824000000,0.12235217064302141,-0.004215000539927546,0.03096217213522179,0.12945016161562803,0.031247757245643954
9,1688169600000,0.12235217064302141,-0.004215000539927546,0.03096217213522179,0.1273411368569805,0.031247757245643954
9,1688515200000,0.12235217064302141,-0.004215000539927546,0.03096217213522179,0.12520850118093316,0.031247757245643954
9,1688860800000,0.12235217064302141,-0.004215000539927546,0.03096217213522179,0.12306234755717799,0.031247757245643954
9,1689206400000,0.12235217064302141,-0.004215000539927546,0.03096217213522179,0.1209128329308142,0.031247757245643954
9,1689552000000,0.12235217064302141,-0.004215000539927546,0.03096217213522179,0.11877013015331363,0.031247757245643954
9,1689897600000,0.12235217064302141,-0.004215000539927546,0.03096217213522179,0.11664437983820672,0.031247757245643954
9,1690243200000,0.12235217064302141,-0.004215000539927546,0.03096217213522179,0.1145456423693381,0.031247757245643954
9,1690588800000,0.12235217064302141,-0.004215000539927546,0.03096217213522179,0.11248385028882124,0.031247757245643954
9,1690934400000,0.12235217064302141,-0.004215000539927546,0.03096217213522179,0.11046876129001756,0.031247757245643954
9,1691280000000,0.12235217064302141,-0.004215000539927546,0.03096217213522179,0.10850991203801237,0.031247757245643954
9,1691625600000,0.12235217064302141,-0.004215000539927546,0.03096217213522179,0.1066165730361332,0.031247757245643954
9,1691971200000,0.12235217064302141,-0.004215000539927546,0.03096217213522179,0.10479770475211336,0.031247757245643954
9,1692316800000,0.12235217064302141,-0.004215000539927546,0.03096217213522179,0.1030619152115385,0.031247757245643954
9,1692662400000,0.12235217064302141,-0.004215000539927546,0.03096217213522179,0.10141741925926946,0.031247757245643954
9,1693008000000,0.12235217064302141,-0.004215000539927546,0.03096217213522179,0.09987199968164506,0.031247757245643954
9,1693353600000,0.12235217064302141,-0.004215000539927546,0.03096217213522179,0.09843297037345403,0.031247757245643954
9,1693699200000,0.12235217064302141,-0.004215000539927546,0.03096217213522179,0.09710714172399847,0.031247757245643954
9,1694044800000,0.12235217064302141,-0.004215000539927546,0.03096217213522179,0.09590078838605927,0.031247757245643954
9,1694390400000,0.12235217064302141,-0.004215000539927546,0.03096217213522179,0.09481961958030369,0.031247757245643954
10,1654214400000,0.18204680541064086,0.0023802770503370163,0.06074868458094656,0.2092026790610693,0.0607952991369538
10,1654560000000,0.18204680541064086,0.0023802770503370163,0.06074868458094656,0.2053986989404294,0.0607952991369538
10,1654905600000,0.18204680541064086,0.0023802770503370163,0.06074868458094656,0.2014842030123829,0.0607952991369538
10,1655251200000,0.18204680541064086,0.0023802770503370163,0.06074868458094656,0.1974777171269882,0.0607952991369538
10,1655596800000,0.18204680541064086,0.0023802770503370163,0.06074868458094656,0.1933982024884787,0.0607952991369538
10,1655942400000,0.18204680541064086,0.0023802770503370163,0.06074868458094656,0.18926496591895575,0.0607952991369538
10,1656288000000,0.18204680541064086,0.0023802770503370163,0.06074868458094656,0.18509756848639472,0.0607952991369538
10,1656633600000,0.18204680541064086,0.0023802770503370163,0.06074868458094656,0.1809157329294006,0.0607952991369538
10,1656979200000,0.18204680541064086,0.0023802770503370163,0.06074868458094656,0.17673925031684115,0.0607952991369538
10,1657324800000,0.18204680541064086,0.0023802770503370163,0.06074868458094656,0.17258788638409128,0.0607952991369538
10,1657670400000,0.18204680541064086,0.0023802770503370163,0.06074868458094656,0.1684812879891806,0.0607952991369538
10,1658016000000,0.18204680541064086,0.0023802770503370163,0.06074868458094656,0.16443889013153207,0.0607952991369538
10,1658361600000,0.18204680541064086,0.0023802770503370163,0.06074868458094656,0.16047982397335883,0.0607952991369538
10,1658707200000,0.18204680541064086,0.0023802770503370163,0.06074868458094656,0.15662282629900326,0.0607952991369538
10,1659052800000,0.18204680541064086,0.0023802770503370163,0.06074868458094656,0.15288615084071966,0.0607952991369538
10,1659398400000,0.18204680541064086,0.0023802770503370163,0.06074868458094656,0.1492874818905664,0.0607952991369538
10,1659744000000,0.18204680541064086,0.0023802770503370163,0.06074868458094656,0.14584385060724175,0.0607952991369538
10,1660089600000,0.18204680541064086,0.0023802770503370163,0.06074868458094656,0.14257155441395927,0.0607952991369538
10,1660435200000,0.18204680541064086,0.0023802770503370163,0.06074868458094656,0.1394860798688173,0.0607952991369538
10,1660780800000,0.18204680541064086,0.0023802770503370163,0.06074868458094656,0.13660202937269442,0.0607952991369538
10,1661126400000,0.18204680541064086,0.0023802770503370163,0.06074868458094656,0.133933052061528,0.0607952991369538
10,1661472000000,0.18204680541064086,0.0023802770503370163,0.06074868458094656,0.1314917792100411,0.0607952991369538
10,1661817600000,0.18204680541064086,0.0023802770503370163,0.06074868458094656,0.12928976445262924,0.0607952991369538
10,1662163200000,0.18204680541064086,0.0023802770503370163,0.06074868458094656,0.1273374291043145,0.0607952991369538
10,1662508800000,0.18204680541064086,0.0023802770503370163,0.06074868458094656,0.12564401284054635,0.0607952991369538
10,1662854400000,0.18204680541064086,0.0023802770503370163,0.06074868458094656,0.12421752996926212,0.0607952991369538
10,1685750400000,0.1390462231674094,-0.03264135921173014,0.03985856932907048,0.18692929150023124,0.05151857800977739
10,1686096000000,0.1390462231674094,-0.03264135921173014,0.03985856932907048,0.18550899136762733,0.05151857800977739
10,1686441600000,0.1390462231674094,-0.03264135921173014,0.03985856932907048,0.18386880027263075,0.05151857800977739
10,1686787200000,0.1390462231674094,-0.03264135921173014,0.03985856932907048,0.18201648062829542,0.05151857800977739
10,1687132800000,0.1390462231674094,-0.03264135921173014,0.03985856932907048,0.17996079877302515,0.05151857800977739
10,1687478400000,0.1390462231674094,-0.03264135921173014,0.03985856932907048,0.17771148348276417,0.05151857800977739
10,1687824000000,0.1390462231674094,-0.03264135921173014,0.03985856932907048,0.17527917992832406,0.05151857800977739
10,1688169600000,0.1390462231674094,-0.03264135921173014,0.03985856932907048,0.172675399295761,0.05151857800977739
10,1688515200000,0.1390462231674094,-0.03264135921173014,0.03985856932907048,0.16991246430822102,0.05151857800977739
10,1688860800000,0.1390462231674094,-0.03264135921173014,0.03985856932907048,0.16700345090708654,0.05151857800977739
10,1689206400000,0.1390462231674094,-0.03264135921173014,0.03985856932907048,0.16396212636841895,0.05151857800977739
10,1689552000000,0.1390462231674094,-0.03264135921173014,0.03985856932907048,0.16080288414757316,0.05151857800977739
10,1689897600000,0.1390462231674094,-0.03264135921173014,0.03985856932907048,0.15754067576033912,0.05151857800977739
10,1690243200000,0.1390462231674094,-0.03264135921173014,0.03985856932907048,0.1541909400229895,0.05151857800977739
10,1690588800000,0.1390462231674094,-0.03264135921173014,0.03985856932907048,0.15076952998611962,0.05151857800977739
10,1690934400000,0.1390462231674094,-0.03264135921173014,0.03985856932907048,0.14729263790806577,0.05151857800977739
10,1691280000000,0.1390462231674094,-0.03264135921173014,0.03985856932907048,0.14377671862298458,0.05151857800977739
10,1691625600000,0.1390462231674094,-0.03264135921173014,0.03985856932907048,0.14023841166625547,0.05151857800977739
10,1691971200000,0.1390462231674094,-0.03264135921173014,0.03985856932907048,0.13669446252576248,0.05151857800977739
10,1692316800000,0.1390462231674094,-0.03264135921173014,0.03985856932907048,0.13316164339174258,0.05151857800977739
10,1692662400000,0.1390462231674094,-0.03264135921173014,0.03985856932907048,0.12965667378025983,0.05151857800977739
10,1693008000000,0.1390462231674094,-0.03264135921173014,0.03985856932907048,0.12619614140597077,0.05151857800977739
10,1693353600000,0.1390462231674094,-0.03264135921173014,0.03985856932907048,0.12279642367865143,0.05151857800977739
10,1693699200000,0.1390462231674094,-0.03264135921173014,0.03985856932907048,0.119473610195024,0.05151857800977739
10,1694044800000,0.1390462231674094,-0.03264135921173014,0.03985856932907048,0.11624342659269186,0.05151857800977739
10,1694390400000,0.1390462231674094,-0.03264135921173014,0.03985856932907048,0.11312116012655901,0.05151857800977739
11,1654214400000,0.0832851283472599,0.0044253330140884084,0.010025837506459271,0.08423231043147926,0.010959059722052173
11,1654560000000,0.0832851283472599,0.0044253330140884084,0.010025837506459271,0.08347941615453687,0.010959059722052173
11,1654905600000,0.0832851283472599,0.0044253330140884084,0.010025837506459271,0.08272560238582537,0.010959059722052173
11,1655251200000,0.0832851283472599,0.0044253330140884084,0.010025837506459271,0.08197443664492014,0.010959059722052173
11,1655596800000,0.0832851283472599,0.0044253330140884084,0.010025837506459271,0.0812294739192675,0.010959059722052173
11,1655942400000,0.0832851283472599,0.0044253330140884084,0.010025837506459271,0.08049423983975516,0.010959059722052173
11,1656288000000,0.0832851283472599,0.0044253330140884084,0.010025837506459271,0.07977221399521504,0.010959059722052173
11,1656633600000,0.0832851283472599,0.0044253330140884084,0.010025837506459271,0.0790668134648263,0.010959059722052173
11,1656979200000,0.0832851283472599,0.0044253330140884084,0.010025837506459271,0.07838137664635372,0.010959059722052173
11,1657324800000,0.0832851283472599,0.0044253330140884084,0.010025837506459271,0.07771914745675497,0.010959059722052173
11,1657670400000,0.0832851283472599,0.0044253330140884084,0.010025837506459271,0.07708325997993157,0.010959059722052173
11,1658016000000,0.0832851283472599,0.0044253330140884084,0.010025837506459271,0.0764767236342772,0.010959059722052173
11,1658361600000,0.0832851283472599,0.0044253330140884084,0.010025837506459271,0.07590240893022294,0.010959059722052173
11,1658707200000,0.0832851283472599,0.0044253330140884084,0.010025837506459271,0.07536303388518113,0.010959059722052173
11,1659052800000,0.0832851283472599,0.0044253330140884084,0.010025837506459271,0.07486115116018197,0.010959059722052173
11,1659398400000,0.0832851283472599,0.0044253330140884084,0.010025837506459271,0.0743991359790807,0.010959059722052173
11,1659744000000,0.0832851283472599,0.0044253330140884084,0.010025837506459271,0.07397917488750833,0.010959059722052173
11,1660089600000,0.0832851283472599,0.0044253330140884084,0.010025837506459271,0.07360325540476628,0.010959059722052173
11,1660435200000,0.0832851283472599,0.0044253330140884084,0.010025837506459271,0.07327315661763824,0.010959059722052173
11,1660780800000,0.0832851283472599,0.0044253330140884084,0.010025837506459271,0.07299044076063585,0.010959059722052173
11,1661126400000,0.0832851283472599,0.0044253330140884084,0.010025837506459271,0.0727564458225249,0.010959059722052173
11,1661472000000,0.0832851283472599,0.0044253330140884084,0.010025837506459271,0.0725722792141233,0.010959059722052173
11,1661817600000,0.0832851283472599,0.0044253330140884084,0.010025837506459271,0.07243881252733857,0.010959059722052173
11,1662163200000,0.0832851283472599,0.0044253330140884084,0.010025837506459271,0.07235667741024807,0.010959059722052173
11,1662508800000,0.0832851283472599,0.0044253330140884084,0.010025837506459271,0.07232626257774426,0.010959059722052173
11,1662854400000,0.0832851283472599,0.0044253330140884084,0.010025837506459271,0.0723477119718919,0.010959059722052173
11,1685750400000,0.09285786351660213,0.01580735355714972,0.017702204563246136,0.08762738518387342,0.023732687856198382
11,1686096000000,0.09285786351660213,0.01580735355714972,0.017702204563246136,0.08604818059486058,0.023732687856198382
11,1686441600000,0.09285786351660213,0.01580735355714972,0.017702204563246136,0.08450120369673345,0.023732687856198382
11,1686787200000,0.09285786351660213,0.01580735355714972,0.017702204563246136,0.08299377575449865,0.023732687856198382
11,1687132800000,0.09285786351660213,0.01580735355714972,0.017702204563246136,0.08153303086269628,0.023732687856198382
11,1687478400000,0.09285786351660213,0.01580735355714972,0.017702204563246136,0.08012588218239138,0.023732687856198382
11,1687824000000,0.09285786351660213,0.01580735355714972,0.017702204563246136,0.07877898922375748,0.023732687856198382
11,1688169600000,0.09285786351660213,0.01580735355714972,0.017702204563246136,0.07749872632909922,0.023732687856198382
11,1688515200000,0.09285786351660213,0.01580735355714972,0.017702204563246136,0.07629115250546491,0.023732687856198382
11,1688860800000,0.09285786351660213,0.01580735355714972,0.017702204563246136,0.07516198274962574,0.023732687856198382
11,1689206400000,0.09285786351660213,0.01580735355714972,0.017702204563246136,0.07411656100112586,0.023732687856198382
11,1689552000000,0.09285786351660213,0.01580735355714972,0.017702204563246136,0.0731598348514087,0.023732687856198382
11,1689897600000,0.09285786351660213,0.01580735355714972,0.017702204563246136,0.0722963321287109,0.023732687856198382
11,1690243200000,0.09285786351660213,0.01580735355714972,0.017702204563246136,0.07153013946953886,0.023732687856198382
11,1690588800000,0.09285786351660213,0.01580735355714972,0.017702204563246136,0.07086488297814202,0.023732687856198382
11,1690934400000,0.09285786351660213,0.01580735355714972,0.017702204563246136,0.07030371106551245,0.023732687856198382
11,1691280000000,0.09285786351660213,0.01580735355714972,0.017702204563246136,0.06984927954912981,0.023732687856198382
11,1691625600000,0.09285786351660213,0.01580735355714972,0.017702204563246136,0.0695037390839669,0.023732687856198382
11,1691971200000,0.09285786351660213,0.01580735355714972,0.017702204563246136,0.06926872498424137,0.023732687856198382
11,1692316800000,0.09285786351660213,0.01580735355714972,0.017702204563246136,0.06914534948408321,0.023732687856198382
11,1692662400000,0.09285786351660213,0.01580735355714972,0.017702204563246136,0.06913419647374505,0.023732687856198382
11,1693008000000,0.09285786351660213,0.01580735355714972,0.017702204563246136,0.06923531873626747,0.023732687856198382
11,1693353600000,0.09285786351660213,0.01580735355714972,0.017702204563246136,0.06944823769767634,0.023732687856198382
11,1693699200000,0.09285786351660213,0.01580735355714972,0.017702204563246136,0.06977194569189517,0.023732687856198382
11,1694044800000,0.09285786351660213,0.01580735355714972,0.017702204563246136,0.070204910729653,0.023732687856198382
11,1694390400000,0.09285786351660213,0.01580735355714972,0.017702204563246136,0.07074508374881847,0.023732687856198382
